date,value,indicator
1939-01-01,29923.0,nonfarm
1939-02-01,30100.0,nonfarm
1939-03-01,30280.0,nonfarm
1939-04-01,30094.0,nonfarm
1939-05-01,30299.0,nonfarm
1939-06-01,30502.0,nonfarm
1939-07-01,30419.0,nonfarm
1939-08-01,30663.0,nonfarm
1939-09-01,31031.0,nonfarm
1939-10-01,31411.0,nonfarm
1939-11-01,31470.0,nonfarm
1939-12-01,31542.0,nonfarm
1940-01-01,31603.0,nonfarm
1940-02-01,31715.0,nonfarm
1940-03-01,31825.0,nonfarm
1940-04-01,31701.0,nonfarm
1940-05-01,31879.0,nonfarm
1940-06-01,31977.0,nonfarm
1940-07-01,31942.0,nonfarm
1940-08-01,32352.0,nonfarm
1940-09-01,32810.0,nonfarm
1940-10-01,33267.0,nonfarm
1940-11-01,33669.0,nonfarm
1940-12-01,34174.0,nonfarm
1941-01-01,34481.0,nonfarm
1941-02-01,34843.0,nonfarm
1941-03-01,35092.0,nonfarm
1941-04-01,35468.0,nonfarm
1941-05-01,36182.0,nonfarm
1941-06-01,36650.0,nonfarm
1941-07-01,37137.0,nonfarm
1941-08-01,37544.0,nonfarm
1941-09-01,37835.0,nonfarm
1941-10-01,37949.0,nonfarm
1941-11-01,38024.0,nonfarm
1941-12-01,38104.0,nonfarm
1942-01-01,38347.0,nonfarm
1942-02-01,38512.0,nonfarm
1942-03-01,38935.0,nonfarm
1942-04-01,39352.0,nonfarm
1942-05-01,39771.0,nonfarm
1942-06-01,40029.0,nonfarm
1942-07-01,40472.0,nonfarm
1942-08-01,40988.0,nonfarm
1942-09-01,41259.0,nonfarm
1942-10-01,41515.0,nonfarm
1942-11-01,41674.0,nonfarm
1942-12-01,41915.0,nonfarm
1943-01-01,42172.0,nonfarm
1943-02-01,42393.0,nonfarm
1943-03-01,42552.0,nonfarm
1943-04-01,42647.0,nonfarm
1943-05-01,42596.0,nonfarm
1943-06-01,42781.0,nonfarm
1943-07-01,42700.0,nonfarm
1943-08-01,42546.0,nonfarm
1943-09-01,42492.0,nonfarm
1943-10-01,42675.0,nonfarm
1943-11-01,42821.0,nonfarm
1943-12-01,42746.0,nonfarm
1944-01-01,42654.0,nonfarm
1944-02-01,42538.0,nonfarm
1944-03-01,42294.0,nonfarm
1944-04-01,42063.0,nonfarm
1944-05-01,41985.0,nonfarm
1944-06-01,41947.0,nonfarm
1944-07-01,41904.0,nonfarm
1944-08-01,41850.0,nonfarm
1944-09-01,41679.0,nonfarm
1944-10-01,41708.0,nonfarm
1944-11-01,41711.0,nonfarm
1944-12-01,41860.0,nonfarm
1945-01-01,41895.0,nonfarm
1945-02-01,41897.0,nonfarm
1945-03-01,41798.0,nonfarm
1945-04-01,41446.0,nonfarm
1945-05-01,41304.0,nonfarm
1945-06-01,41149.0,nonfarm
1945-07-01,40874.0,nonfarm
1945-08-01,40466.0,nonfarm
1945-09-01,38507.0,nonfarm
1945-10-01,38600.0,nonfarm
1945-11-01,38996.0,nonfarm
1945-12-01,39110.0,nonfarm
1946-01-01,39829.0,nonfarm
1946-02-01,39244.0,nonfarm
1946-03-01,40195.0,nonfarm
1946-04-01,40913.0,nonfarm
1946-05-01,41349.0,nonfarm
1946-06-01,41735.0,nonfarm
1946-07-01,42153.0,nonfarm
1946-08-01,42642.0,nonfarm
1946-09-01,42915.0,nonfarm
1946-10-01,43093.0,nonfarm
1946-11-01,43395.0,nonfarm
1946-12-01,43379.0,nonfarm
1947-01-01,43535.0,nonfarm
1947-02-01,43557.0,nonfarm
1947-03-01,43607.0,nonfarm
1947-04-01,43499.0,nonfarm
1947-05-01,43638.0,nonfarm
1947-06-01,43810.0,nonfarm
1947-07-01,43743.0,nonfarm
1947-08-01,43960.0,nonfarm
1947-09-01,44203.0,nonfarm
1947-10-01,44411.0,nonfarm
1947-11-01,44484.0,nonfarm
1947-12-01,44581.0,nonfarm
1948-01-01,44679.0,nonfarm
1948-02-01,44533.0,nonfarm
1948-03-01,44683.0,nonfarm
1948-04-01,44379.0,nonfarm
1948-05-01,44796.0,nonfarm
1948-06-01,45034.0,nonfarm
1948-07-01,45160.0,nonfarm
1948-08-01,45178.0,nonfarm
1948-09-01,45294.0,nonfarm
1948-10-01,45245.0,nonfarm
1948-11-01,45192.0,nonfarm
1948-12-01,45032.0,nonfarm
1949-01-01,44668.0,nonfarm
1949-02-01,44497.0,nonfarm
1949-03-01,44240.0,nonfarm
1949-04-01,44236.0,nonfarm
1949-05-01,43984.0,nonfarm
1949-06-01,43739.0,nonfarm
1949-07-01,43531.0,nonfarm
1949-08-01,43624.0,nonfarm
1949-09-01,43780.0,nonfarm
1949-10-01,42942.0,nonfarm
1949-11-01,43242.0,nonfarm
1949-12-01,43522.0,nonfarm
1950-01-01,43526.0,nonfarm
1950-02-01,43297.0,nonfarm
1950-03-01,43954.0,nonfarm
1950-04-01,44382.0,nonfarm
1950-05-01,44718.0,nonfarm
1950-06-01,45083.0,nonfarm
1950-07-01,45454.0,nonfarm
1950-08-01,46192.0,nonfarm
1950-09-01,46438.0,nonfarm
1950-10-01,46706.0,nonfarm
1950-11-01,46776.0,nonfarm
1950-12-01,46861.0,nonfarm
1951-01-01,47288.0,nonfarm
1951-02-01,47577.0,nonfarm
1951-03-01,47873.0,nonfarm
1951-04-01,47861.0,nonfarm
1951-05-01,47952.0,nonfarm
1951-06-01,48064.0,nonfarm
1951-07-01,48061.0,nonfarm
1951-08-01,48012.0,nonfarm
1951-09-01,47954.0,nonfarm
1951-10-01,48006.0,nonfarm
1951-11-01,48147.0,nonfarm
1951-12-01,48314.0,nonfarm
1952-01-01,48296.0,nonfarm
1952-02-01,48522.0,nonfarm
1952-03-01,48504.0,nonfarm
1952-04-01,48620.0,nonfarm
1952-05-01,48642.0,nonfarm
1952-06-01,48282.0,nonfarm
1952-07-01,48143.0,nonfarm
1952-08-01,48924.0,nonfarm
1952-09-01,49320.0,nonfarm
1952-10-01,49597.0,nonfarm
1952-11-01,49816.0,nonfarm
1952-12-01,50166.0,nonfarm
1953-01-01,50144.0,nonfarm
1953-02-01,50339.0,nonfarm
1953-03-01,50473.0,nonfarm
1953-04-01,50435.0,nonfarm
1953-05-01,50490.0,nonfarm
1953-06-01,50519.0,nonfarm
1953-07-01,50536.0,nonfarm
1953-08-01,50489.0,nonfarm
1953-09-01,50368.0,nonfarm
1953-10-01,50240.0,nonfarm
1953-11-01,49908.0,nonfarm
1953-12-01,49703.0,nonfarm
1954-01-01,49469.0,nonfarm
1954-02-01,49382.0,nonfarm
1954-03-01,49157.0,nonfarm
1954-04-01,49179.0,nonfarm
1954-05-01,48965.0,nonfarm
1954-06-01,48895.0,nonfarm
1954-07-01,48835.0,nonfarm
1954-08-01,48826.0,nonfarm
1954-09-01,48886.0,nonfarm
1954-10-01,48942.0,nonfarm
1954-11-01,49180.0,nonfarm
1954-12-01,49331.0,nonfarm
1955-01-01,49496.0,nonfarm
1955-02-01,49644.0,nonfarm
1955-03-01,49962.0,nonfarm
1955-04-01,50248.0,nonfarm
1955-05-01,50512.0,nonfarm
1955-06-01,50790.0,nonfarm
1955-07-01,50987.0,nonfarm
1955-08-01,51111.0,nonfarm
1955-09-01,51266.0,nonfarm
1955-10-01,51429.0,nonfarm
1955-11-01,51592.0,nonfarm
1955-12-01,51805.0,nonfarm
1956-01-01,51975.0,nonfarm
1956-02-01,52167.0,nonfarm
1956-03-01,52294.0,nonfarm
1956-04-01,52375.0,nonfarm
1956-05-01,52506.0,nonfarm
1956-06-01,52586.0,nonfarm
1956-07-01,51955.0,nonfarm
1956-08-01,52631.0,nonfarm
1956-09-01,52604.0,nonfarm
1956-10-01,52777.0,nonfarm
1956-11-01,52821.0,nonfarm
1956-12-01,52929.0,nonfarm
1957-01-01,52887.0,nonfarm
1957-02-01,53097.0,nonfarm
1957-03-01,53156.0,nonfarm
1957-04-01,53238.0,nonfarm
1957-05-01,53150.0,nonfarm
1957-06-01,53067.0,nonfarm
1957-07-01,53123.0,nonfarm
1957-08-01,53128.0,nonfarm
1957-09-01,52934.0,nonfarm
1957-10-01,52763.0,nonfarm
1957-11-01,52558.0,nonfarm
1957-12-01,52384.0,nonfarm
1958-01-01,52076.0,nonfarm
1958-02-01,51576.0,nonfarm
1958-03-01,51299.0,nonfarm
1958-04-01,51027.0,nonfarm
1958-05-01,50914.0,nonfarm
1958-06-01,50914.0,nonfarm
1958-07-01,51039.0,nonfarm
1958-08-01,51233.0,nonfarm
1958-09-01,51506.0,nonfarm
1958-10-01,51485.0,nonfarm
1958-11-01,51944.0,nonfarm
1958-12-01,52085.0,nonfarm
1959-01-01,52478.0,nonfarm
1959-02-01,52688.0,nonfarm
1959-03-01,53014.0,nonfarm
1959-04-01,53321.0,nonfarm
1959-05-01,53550.0,nonfarm
1959-06-01,53681.0,nonfarm
1959-07-01,53804.0,nonfarm
1959-08-01,53336.0,nonfarm
1959-09-01,53428.0,nonfarm
1959-10-01,53358.0,nonfarm
1959-11-01,53634.0,nonfarm
1959-12-01,54174.0,nonfarm
1960-01-01,54274.0,nonfarm
1960-02-01,54513.0,nonfarm
1960-03-01,54454.0,nonfarm
1960-04-01,54813.0,nonfarm
1960-05-01,54475.0,nonfarm
1960-06-01,54348.0,nonfarm
1960-07-01,54306.0,nonfarm
1960-08-01,54272.0,nonfarm
1960-09-01,54227.0,nonfarm
1960-10-01,54142.0,nonfarm
1960-11-01,53961.0,nonfarm
1960-12-01,53742.0,nonfarm
1961-01-01,53683.0,nonfarm
1961-02-01,53557.0,nonfarm
1961-03-01,53659.0,nonfarm
1961-04-01,53627.0,nonfarm
1961-05-01,53786.0,nonfarm
1961-06-01,53977.0,nonfarm
1961-07-01,54123.0,nonfarm
1961-08-01,54298.0,nonfarm
1961-09-01,54388.0,nonfarm
1961-10-01,54522.0,nonfarm
1961-11-01,54742.0,nonfarm
1961-12-01,54872.0,nonfarm
1962-01-01,54891.0,nonfarm
1962-02-01,55188.0,nonfarm
1962-03-01,55275.0,nonfarm
1962-04-01,55602.0,nonfarm
1962-05-01,55628.0,nonfarm
1962-06-01,55644.0,nonfarm
1962-07-01,55746.0,nonfarm
1962-08-01,55838.0,nonfarm
1962-09-01,55978.0,nonfarm
1962-10-01,56041.0,nonfarm
1962-11-01,56056.0,nonfarm
1962-12-01,56028.0,nonfarm
1963-01-01,56115.0,nonfarm
1963-02-01,56230.0,nonfarm
1963-03-01,56320.0,nonfarm
1963-04-01,56580.0,nonfarm
1963-05-01,56616.0,nonfarm
1963-06-01,56659.0,nonfarm
1963-07-01,56794.0,nonfarm
1963-08-01,56910.0,nonfarm
1963-09-01,57078.0,nonfarm
1963-10-01,57283.0,nonfarm
1963-11-01,57255.0,nonfarm
1963-12-01,57361.0,nonfarm
1964-01-01,57487.0,nonfarm
1964-02-01,57753.0,nonfarm
1964-03-01,57897.0,nonfarm
1964-04-01,57922.0,nonfarm
1964-05-01,58089.0,nonfarm
1964-06-01,58219.0,nonfarm
1964-07-01,58412.0,nonfarm
1964-08-01,58619.0,nonfarm
1964-09-01,58903.0,nonfarm
1964-10-01,58793.0,nonfarm
1964-11-01,59218.0,nonfarm
1964-12-01,59421.0,nonfarm
1965-01-01,59582.0,nonfarm
1965-02-01,59800.0,nonfarm
1965-03-01,60003.0,nonfarm
1965-04-01,60259.0,nonfarm
1965-05-01,60491.0,nonfarm
1965-06-01,60690.0,nonfarm
1965-07-01,60965.0,nonfarm
1965-08-01,61228.0,nonfarm
1965-09-01,61490.0,nonfarm
1965-10-01,61719.0,nonfarm
1965-11-01,61996.0,nonfarm
1965-12-01,62322.0,nonfarm
1966-01-01,62529.0,nonfarm
1966-02-01,62796.0,nonfarm
1966-03-01,63192.0,nonfarm
1966-04-01,63437.0,nonfarm
1966-05-01,63712.0,nonfarm
1966-06-01,64111.0,nonfarm
1966-07-01,64301.0,nonfarm
1966-08-01,64507.0,nonfarm
1966-09-01,64643.0,nonfarm
1966-10-01,64854.0,nonfarm
1966-11-01,65019.0,nonfarm
1966-12-01,65199.0,nonfarm
1967-01-01,65407.0,nonfarm
1967-02-01,65429.0,nonfarm
1967-03-01,65530.0,nonfarm
1967-04-01,65466.0,nonfarm
1967-05-01,65620.0,nonfarm
1967-06-01,65750.0,nonfarm
1967-07-01,65888.0,nonfarm
1967-08-01,66143.0,nonfarm
1967-09-01,66164.0,nonfarm
1967-10-01,66225.0,nonfarm
1967-11-01,66703.0,nonfarm
1967-12-01,66900.0,nonfarm
1968-01-01,66804.0,nonfarm
1968-02-01,67215.0,nonfarm
1968-03-01,67295.0,nonfarm
1968-04-01,67556.0,nonfarm
1968-05-01,67652.0,nonfarm
1968-06-01,67905.0,nonfarm
1968-07-01,68126.0,nonfarm
1968-08-01,68330.0,nonfarm
1968-09-01,68484.0,nonfarm
1968-10-01,68721.0,nonfarm
1968-11-01,68984.0,nonfarm
1968-12-01,69248.0,nonfarm
1969-01-01,69439.0,nonfarm
1969-02-01,69699.0,nonfarm
1969-03-01,69905.0,nonfarm
1969-04-01,70072.0,nonfarm
1969-05-01,70328.0,nonfarm
1969-06-01,70636.0,nonfarm
1969-07-01,70729.0,nonfarm
1969-08-01,71008.0,nonfarm
1969-09-01,70914.0,nonfarm
1969-10-01,71121.0,nonfarm
1969-11-01,71086.0,nonfarm
1969-12-01,71241.0,nonfarm
1970-01-01,71176.0,nonfarm
1970-02-01,71305.0,nonfarm
1970-03-01,71451.0,nonfarm
1970-04-01,71348.0,nonfarm
1970-05-01,71124.0,nonfarm
1970-06-01,71029.0,nonfarm
1970-07-01,71053.0,nonfarm
1970-08-01,70937.0,nonfarm
1970-09-01,70944.0,nonfarm
1970-10-01,70521.0,nonfarm
1970-11-01,70409.0,nonfarm
1970-12-01,70792.0,nonfarm
1971-01-01,70865.0,nonfarm
1971-02-01,70807.0,nonfarm
1971-03-01,70860.0,nonfarm
1971-04-01,71036.0,nonfarm
1971-05-01,71247.0,nonfarm
1971-06-01,71254.0,nonfarm
1971-07-01,71315.0,nonfarm
1971-08-01,71373.0,nonfarm
1971-09-01,71614.0,nonfarm
1971-10-01,71642.0,nonfarm
1971-11-01,71847.0,nonfarm
1971-12-01,72109.0,nonfarm
1972-01-01,72441.0,nonfarm
1972-02-01,72648.0,nonfarm
1972-03-01,72944.0,nonfarm
1972-04-01,73162.0,nonfarm
1972-05-01,73469.0,nonfarm
1972-06-01,73758.0,nonfarm
1972-07-01,73709.0,nonfarm
1972-08-01,74141.0,nonfarm
1972-09-01,74264.0,nonfarm
1972-10-01,74674.0,nonfarm
1972-11-01,74973.0,nonfarm
1972-12-01,75268.0,nonfarm
1973-01-01,75617.0,nonfarm
1973-02-01,76014.0,nonfarm
1973-03-01,76284.0,nonfarm
1973-04-01,76455.0,nonfarm
1973-05-01,76648.0,nonfarm
1973-06-01,76887.0,nonfarm
1973-07-01,76913.0,nonfarm
1973-08-01,77168.0,nonfarm
1973-09-01,77276.0,nonfarm
1973-10-01,77607.0,nonfarm
1973-11-01,77920.0,nonfarm
1973-12-01,78031.0,nonfarm
1974-01-01,78100.0,nonfarm
1974-02-01,78254.0,nonfarm
1974-03-01,78296.0,nonfarm
1974-04-01,78382.0,nonfarm
1974-05-01,78549.0,nonfarm
1974-06-01,78604.0,nonfarm
1974-07-01,78636.0,nonfarm
1974-08-01,78619.0,nonfarm
1974-09-01,78610.0,nonfarm
1974-10-01,78630.0,nonfarm
1974-11-01,78265.0,nonfarm
1974-12-01,77652.0,nonfarm
1975-01-01,77293.0,nonfarm
1975-02-01,76918.0,nonfarm
1975-03-01,76648.0,nonfarm
1975-04-01,76460.0,nonfarm
1975-05-01,76624.0,nonfarm
1975-06-01,76521.0,nonfarm
1975-07-01,76770.0,nonfarm
1975-08-01,77153.0,nonfarm
1975-09-01,77228.0,nonfarm
1975-10-01,77540.0,nonfarm
1975-11-01,77685.0,nonfarm
1975-12-01,78017.0,nonfarm
1976-01-01,78503.0,nonfarm
1976-02-01,78816.0,nonfarm
1976-03-01,79048.0,nonfarm
1976-04-01,79292.0,nonfarm
1976-05-01,79312.0,nonfarm
1976-06-01,79376.0,nonfarm
1976-07-01,79547.0,nonfarm
1976-08-01,79704.0,nonfarm
1976-09-01,79892.0,nonfarm
1976-10-01,79911.0,nonfarm
1976-11-01,80240.0,nonfarm
1976-12-01,80448.0,nonfarm
1977-01-01,80690.0,nonfarm
1977-02-01,80988.0,nonfarm
1977-03-01,81391.0,nonfarm
1977-04-01,81728.0,nonfarm
1977-05-01,82088.0,nonfarm
1977-06-01,82488.0,nonfarm
1977-07-01,82834.0,nonfarm
1977-08-01,83075.0,nonfarm
1977-09-01,83532.0,nonfarm
1977-10-01,83800.0,nonfarm
1977-11-01,84173.0,nonfarm
1977-12-01,84410.0,nonfarm
1978-01-01,84594.0,nonfarm
1978-02-01,84948.0,nonfarm
1978-03-01,85460.0,nonfarm
1978-04-01,86162.0,nonfarm
1978-05-01,86509.0,nonfarm
1978-06-01,86950.0,nonfarm
1978-07-01,87204.0,nonfarm
1978-08-01,87483.0,nonfarm
1978-09-01,87621.0,nonfarm
1978-10-01,87956.0,nonfarm
1978-11-01,88391.0,nonfarm
1978-12-01,88671.0,nonfarm
1979-01-01,88808.0,nonfarm
1979-02-01,89055.0,nonfarm
1979-03-01,89479.0,nonfarm
1979-04-01,89417.0,nonfarm
1979-05-01,89789.0,nonfarm
1979-06-01,90108.0,nonfarm
1979-07-01,90217.0,nonfarm
1979-08-01,90300.0,nonfarm
1979-09-01,90327.0,nonfarm
1979-10-01,90481.0,nonfarm
1979-11-01,90573.0,nonfarm
1979-12-01,90672.0,nonfarm
1980-01-01,90800.0,nonfarm
1980-02-01,90883.0,nonfarm
1980-03-01,90994.0,nonfarm
1980-04-01,90849.0,nonfarm
1980-05-01,90420.0,nonfarm
1980-06-01,90101.0,nonfarm
1980-07-01,89840.0,nonfarm
1980-08-01,90099.0,nonfarm
1980-09-01,90213.0,nonfarm
1980-10-01,90490.0,nonfarm
1980-11-01,90747.0,nonfarm
1980-12-01,90943.0,nonfarm
1981-01-01,91033.0,nonfarm
1981-02-01,91105.0,nonfarm
1981-03-01,91210.0,nonfarm
1981-04-01,91283.0,nonfarm
1981-05-01,91296.0,nonfarm
1981-06-01,91490.0,nonfarm
1981-07-01,91601.0,nonfarm
1981-08-01,91565.0,nonfarm
1981-09-01,91477.0,nonfarm
1981-10-01,91380.0,nonfarm
1981-11-01,91171.0,nonfarm
1981-12-01,90895.0,nonfarm
1982-01-01,90565.0,nonfarm
1982-02-01,90563.0,nonfarm
1982-03-01,90434.0,nonfarm
1982-04-01,90150.0,nonfarm
1982-05-01,90107.0,nonfarm
1982-06-01,89865.0,nonfarm
1982-07-01,89521.0,nonfarm
1982-08-01,89363.0,nonfarm
1982-09-01,89183.0,nonfarm
1982-10-01,88907.0,nonfarm
1982-11-01,88786.0,nonfarm
1982-12-01,88771.0,nonfarm
1983-01-01,88990.0,nonfarm
1983-02-01,88917.0,nonfarm
1983-03-01,89090.0,nonfarm
1983-04-01,89364.0,nonfarm
1983-05-01,89644.0,nonfarm
1983-06-01,90021.0,nonfarm
1983-07-01,90437.0,nonfarm
1983-08-01,90129.0,nonfarm
1983-09-01,91247.0,nonfarm
1983-10-01,91520.0,nonfarm
1983-11-01,91875.0,nonfarm
1983-12-01,92230.0,nonfarm
1984-01-01,92673.0,nonfarm
1984-02-01,93157.0,nonfarm
1984-03-01,93429.0,nonfarm
1984-04-01,93792.0,nonfarm
1984-05-01,94098.0,nonfarm
1984-06-01,94479.0,nonfarm
1984-07-01,94789.0,nonfarm
1984-08-01,95032.0,nonfarm
1984-09-01,95344.0,nonfarm
1984-10-01,95629.0,nonfarm
1984-11-01,95982.0,nonfarm
1984-12-01,96107.0,nonfarm
1985-01-01,96372.0,nonfarm
1985-02-01,96503.0,nonfarm
1985-03-01,96842.0,nonfarm
1985-04-01,97038.0,nonfarm
1985-05-01,97312.0,nonfarm
1985-06-01,97459.0,nonfarm
1985-07-01,97648.0,nonfarm
1985-08-01,97840.0,nonfarm
1985-09-01,98045.0,nonfarm
1985-10-01,98233.0,nonfarm
1985-11-01,98443.0,nonfarm
1985-12-01,98609.0,nonfarm
1986-01-01,98732.0,nonfarm
1986-02-01,98847.0,nonfarm
1986-03-01,98934.0,nonfarm
1986-04-01,99121.0,nonfarm
1986-05-01,99248.0,nonfarm
1986-06-01,99155.0,nonfarm
1986-07-01,99473.0,nonfarm
1986-08-01,99588.0,nonfarm
1986-09-01,99934.0,nonfarm
1986-10-01,100121.0,nonfarm
1986-11-01,100308.0,nonfarm
1986-12-01,100509.0,nonfarm
1987-01-01,100678.0,nonfarm
1987-02-01,100919.0,nonfarm
1987-03-01,101164.0,nonfarm
1987-04-01,101499.0,nonfarm
1987-05-01,101728.0,nonfarm
1987-06-01,101900.0,nonfarm
1987-07-01,102247.0,nonfarm
1987-08-01,102420.0,nonfarm
1987-09-01,102647.0,nonfarm
1987-10-01,103138.0,nonfarm
1987-11-01,103372.0,nonfarm
1987-12-01,103661.0,nonfarm
1988-01-01,103753.0,nonfarm
1988-02-01,104214.0,nonfarm
1988-03-01,104489.0,nonfarm
1988-04-01,104732.0,nonfarm
1988-05-01,104962.0,nonfarm
1988-06-01,105326.0,nonfarm
1988-07-01,105550.0,nonfarm
1988-08-01,105674.0,nonfarm
1988-09-01,106013.0,nonfarm
1988-10-01,106276.0,nonfarm
1988-11-01,106617.0,nonfarm
1988-12-01,106898.0,nonfarm
1989-01-01,107161.0,nonfarm
1989-02-01,107427.0,nonfarm
1989-03-01,107621.0,nonfarm
1989-04-01,107791.0,nonfarm
1989-05-01,107913.0,nonfarm
1989-06-01,108027.0,nonfarm
1989-07-01,108069.0,nonfarm
1989-08-01,108120.0,nonfarm
1989-09-01,108369.0,nonfarm
1989-10-01,108476.0,nonfarm
1989-11-01,108752.0,nonfarm
1989-12-01,108836.0,nonfarm
1990-01-01,109196.0,nonfarm
1990-02-01,109436.0,nonfarm
1990-03-01,109640.0,nonfarm
1990-04-01,109674.0,nonfarm
1990-05-01,109828.0,nonfarm
1990-06-01,109850.0,nonfarm
1990-07-01,109815.0,nonfarm
1990-08-01,109607.0,nonfarm
1990-09-01,109522.0,nonfarm
1990-10-01,109377.0,nonfarm
1990-11-01,109222.0,nonfarm
1990-12-01,109168.0,nonfarm
1991-01-01,109058.0,nonfarm
1991-02-01,108735.0,nonfarm
1991-03-01,108568.0,nonfarm
1991-04-01,108350.0,nonfarm
1991-05-01,108253.0,nonfarm
1991-06-01,108330.0,nonfarm
1991-07-01,108290.0,nonfarm
1991-08-01,108300.0,nonfarm
1991-09-01,108335.0,nonfarm
1991-10-01,108361.0,nonfarm
1991-11-01,108300.0,nonfarm
1991-12-01,108330.0,nonfarm
1992-01-01,108365.0,nonfarm
1992-02-01,108312.0,nonfarm
1992-03-01,108367.0,nonfarm
1992-04-01,108516.0,nonfarm
1992-05-01,108646.0,nonfarm
1992-06-01,108706.0,nonfarm
1992-07-01,108793.0,nonfarm
1992-08-01,108916.0,nonfarm
1992-09-01,108951.0,nonfarm
1992-10-01,109139.0,nonfarm
1992-11-01,109283.0,nonfarm
1992-12-01,109502.0,nonfarm
1993-01-01,109790.0,nonfarm
1993-02-01,110047.0,nonfarm
1993-03-01,110004.0,nonfarm
1993-04-01,110300.0,nonfarm
1993-05-01,110571.0,nonfarm
1993-06-01,110742.0,nonfarm
1993-07-01,111054.0,nonfarm
1993-08-01,111200.0,nonfarm
1993-09-01,111448.0,nonfarm
1993-10-01,111734.0,nonfarm
1993-11-01,111987.0,nonfarm
1993-12-01,112325.0,nonfarm
1994-01-01,112601.0,nonfarm
1994-02-01,112782.0,nonfarm
1994-03-01,113245.0,nonfarm
1994-04-01,113589.0,nonfarm
1994-05-01,113922.0,nonfarm
1994-06-01,114239.0,nonfarm
1994-07-01,114608.0,nonfarm
1994-08-01,114902.0,nonfarm
1994-09-01,115246.0,nonfarm
1994-10-01,115457.0,nonfarm
1994-11-01,115867.0,nonfarm
1994-12-01,116174.0,nonfarm
1995-01-01,116505.0,nonfarm
1995-02-01,116694.0,nonfarm
1995-03-01,116908.0,nonfarm
1995-04-01,117066.0,nonfarm
1995-05-01,117046.0,nonfarm
1995-06-01,117291.0,nonfarm
1995-07-01,117382.0,nonfarm
1995-08-01,117646.0,nonfarm
1995-09-01,117873.0,nonfarm
1995-10-01,118026.0,nonfarm
1995-11-01,118165.0,nonfarm
1995-12-01,118325.0,nonfarm
1996-01-01,118317.0,nonfarm
1996-02-01,118738.0,nonfarm
1996-03-01,118992.0,nonfarm
1996-04-01,119158.0,nonfarm
1996-05-01,119497.0,nonfarm
1996-06-01,119770.0,nonfarm
1996-07-01,120019.0,nonfarm
1996-08-01,120198.0,nonfarm
1996-09-01,120400.0,nonfarm
1996-10-01,120665.0,nonfarm
1996-11-01,120947.0,nonfarm
1996-12-01,121143.0,nonfarm
1997-01-01,121356.0,nonfarm
1997-02-01,121673.0,nonfarm
1997-03-01,121991.0,nonfarm
1997-04-01,122289.0,nonfarm
1997-05-01,122560.0,nonfarm
1997-06-01,122816.0,nonfarm
1997-07-01,123114.0,nonfarm
1997-08-01,123087.0,nonfarm
1997-09-01,123575.0,nonfarm
1997-10-01,123924.0,nonfarm
1997-11-01,124225.0,nonfarm
1997-12-01,124549.0,nonfarm
1998-01-01,124806.0,nonfarm
1998-02-01,125017.0,nonfarm
1998-03-01,125165.0,nonfarm
1998-04-01,125445.0,nonfarm
1998-05-01,125845.0,nonfarm
1998-06-01,126076.0,nonfarm
1998-07-01,126212.0,nonfarm
1998-08-01,126546.0,nonfarm
1998-09-01,126744.0,nonfarm
1998-10-01,126949.0,nonfarm
1998-11-01,127222.0,nonfarm
1998-12-01,127595.0,nonfarm
1999-01-01,127699.0,nonfarm
1999-02-01,128117.0,nonfarm
1999-03-01,128234.0,nonfarm
1999-04-01,128595.0,nonfarm
1999-05-01,128813.0,nonfarm
1999-06-01,129084.0,nonfarm
1999-07-01,129422.0,nonfarm
1999-08-01,129572.0,nonfarm
1999-09-01,129771.0,nonfarm
1999-10-01,130178.0,nonfarm
1999-11-01,130466.0,nonfarm
1999-12-01,130783.0,nonfarm
2000-01-01,131011.0,nonfarm
2000-02-01,131120.0,nonfarm
2000-03-01,131604.0,nonfarm
2000-04-01,131884.0,nonfarm
2000-05-01,132105.0,nonfarm
2000-06-01,132063.0,nonfarm
2000-07-01,132228.0,nonfarm
2000-08-01,132234.0,nonfarm
2000-09-01,132337.0,nonfarm
2000-10-01,132352.0,nonfarm
2000-11-01,132556.0,nonfarm
2000-12-01,132716.0,nonfarm
2001-01-01,132703.0,nonfarm
2001-02-01,132788.0,nonfarm
2001-03-01,132751.0,nonfarm
2001-04-01,132458.0,nonfarm
2001-05-01,132408.0,nonfarm
2001-06-01,132300.0,nonfarm
2001-07-01,132172.0,nonfarm
2001-08-01,132021.0,nonfarm
2001-09-01,131763.0,nonfarm
2001-10-01,131452.0,nonfarm
2001-11-01,131144.0,nonfarm
2001-12-01,130983.0,nonfarm
2002-01-01,130859.0,nonfarm
2002-02-01,130737.0,nonfarm
2002-03-01,130722.0,nonfarm
2002-04-01,130616.0,nonfarm
2002-05-01,130632.0,nonfarm
2002-06-01,130674.0,nonfarm
2002-07-01,130584.0,nonfarm
2002-08-01,130581.0,nonfarm
2002-09-01,130502.0,nonfarm
2002-10-01,130617.0,nonfarm
2002-11-01,130616.0,nonfarm
2002-12-01,130465.0,nonfarm
2003-01-01,130573.0,nonfarm
2003-02-01,130441.0,nonfarm
2003-03-01,130235.0,nonfarm
2003-04-01,130173.0,nonfarm
2003-05-01,130197.0,nonfarm
2003-06-01,130186.0,nonfarm
2003-07-01,130184.0,nonfarm
2003-08-01,130153.0,nonfarm
2003-09-01,130252.0,nonfarm
2003-10-01,130439.0,nonfarm
2003-11-01,130480.0,nonfarm
2003-12-01,130589.0,nonfarm
2004-01-01,130756.0,nonfarm
2004-02-01,130821.0,nonfarm
2004-03-01,131140.0,nonfarm
2004-04-01,131412.0,nonfarm
2004-05-01,131697.0,nonfarm
2004-06-01,131794.0,nonfarm
2004-07-01,131854.0,nonfarm
2004-08-01,131939.0,nonfarm
2004-09-01,132089.0,nonfarm
2004-10-01,132429.0,nonfarm
2004-11-01,132503.0,nonfarm
2004-12-01,132630.0,nonfarm
2005-01-01,132781.0,nonfarm
2005-02-01,133034.0,nonfarm
2005-03-01,133154.0,nonfarm
2005-04-01,133520.0,nonfarm
2005-05-01,133689.0,nonfarm
2005-06-01,133948.0,nonfarm
2005-07-01,134300.0,nonfarm
2005-08-01,134502.0,nonfarm
2005-09-01,134552.0,nonfarm
2005-10-01,134641.0,nonfarm
2005-11-01,134997.0,nonfarm
2005-12-01,135159.0,nonfarm
2006-01-01,135427.0,nonfarm
2006-02-01,135733.0,nonfarm
2006-03-01,136038.0,nonfarm
2006-04-01,136210.0,nonfarm
2006-05-01,136249.0,nonfarm
2006-06-01,136337.0,nonfarm
2006-07-01,136529.0,nonfarm
2006-08-01,136692.0,nonfarm
2006-09-01,136826.0,nonfarm
2006-10-01,136843.0,nonfarm
2006-11-01,137060.0,nonfarm
2006-12-01,137249.0,nonfarm
2007-01-01,137472.0,nonfarm
2007-02-01,137560.0,nonfarm
2007-03-01,137784.0,nonfarm
2007-04-01,137847.0,nonfarm
2007-05-01,137992.0,nonfarm
2007-06-01,138070.0,nonfarm
2007-07-01,138044.0,nonfarm
2007-08-01,138013.0,nonfarm
2007-09-01,138099.0,nonfarm
2007-10-01,138175.0,nonfarm
2007-11-01,138290.0,nonfarm
2007-12-01,138395.0,nonfarm
2008-01-01,138391.0,nonfarm
2008-02-01,138329.0,nonfarm
2008-03-01,138259.0,nonfarm
2008-04-01,138040.0,nonfarm
2008-05-01,137851.0,nonfarm
2008-06-01,137700.0,nonfarm
2008-07-01,137497.0,nonfarm
2008-08-01,137211.0,nonfarm
2008-09-01,136760.0,nonfarm
2008-10-01,136291.0,nonfarm
2008-11-01,135541.0,nonfarm
2008-12-01,134847.0,nonfarm
2009-01-01,134079.0,nonfarm
2009-02-01,133318.0,nonfarm
2009-03-01,132494.0,nonfarm
2009-04-01,131822.0,nonfarm
2009-05-01,131466.0,nonfarm
2009-06-01,131008.0,nonfarm
2009-07-01,130662.0,nonfarm
2009-08-01,130472.0,nonfarm
2009-09-01,130246.0,nonfarm
2009-10-01,130061.0,nonfarm
2009-11-01,130057.0,nonfarm
2009-12-01,129808.0,nonfarm
2010-01-01,129802.0,nonfarm
2010-02-01,129706.0,nonfarm
2010-03-01,129866.0,nonfarm
2010-04-01,130120.0,nonfarm
2010-05-01,130642.0,nonfarm
2010-06-01,130510.0,nonfarm
2010-07-01,130415.0,nonfarm
2010-08-01,130415.0,nonfarm
2010-09-01,130341.0,nonfarm
2010-10-01,130620.0,nonfarm
2010-11-01,130749.0,nonfarm
2010-12-01,130830.0,nonfarm
2011-01-01,130837.0,nonfarm
2011-02-01,131057.0,nonfarm
2011-03-01,131283.0,nonfarm
2011-04-01,131597.0,nonfarm
2011-05-01,131703.0,nonfarm
2011-06-01,131931.0,nonfarm
2011-07-01,131992.0,nonfarm
2011-08-01,132125.0,nonfarm
2011-09-01,132344.0,nonfarm
2011-10-01,132553.0,nonfarm
2011-11-01,132690.0,nonfarm
2011-12-01,132888.0,nonfarm
2012-01-01,133246.0,nonfarm
2012-02-01,133509.0,nonfarm
2012-03-01,133748.0,nonfarm
2012-04-01,133825.0,nonfarm
2012-05-01,133932.0,nonfarm
2012-06-01,134013.0,nonfarm
2012-07-01,134157.0,nonfarm
2012-08-01,134339.0,nonfarm
2012-09-01,134517.0,nonfarm
2012-10-01,134669.0,nonfarm
2012-11-01,134825.0,nonfarm
2012-12-01,135074.0,nonfarm
2013-01-01,135257.0,nonfarm
2013-02-01,135546.0,nonfarm
2013-03-01,135689.0,nonfarm
2013-04-01,135873.0,nonfarm
2013-05-01,136096.0,nonfarm
2013-06-01,136279.0,nonfarm
2013-07-01,136391.0,nonfarm
2013-08-01,136646.0,nonfarm
2013-09-01,136821.0,nonfarm
2013-10-01,137041.0,nonfarm
2013-11-01,137317.0,nonfarm
2013-12-01,137372.0,nonfarm
2014-01-01,137561.0,nonfarm
2014-02-01,137712.0,nonfarm
2014-03-01,137985.0,nonfarm
2014-04-01,138298.0,nonfarm
2014-05-01,138513.0,nonfarm
2014-06-01,138849.0,nonfarm
2014-07-01,139072.0,nonfarm
2014-08-01,139269.0,nonfarm
2014-09-01,139563.0,nonfarm
2014-10-01,139798.0,nonfarm
2014-11-01,140089.0,nonfarm
2014-12-01,140364.0,nonfarm
2015-01-01,140568.0,nonfarm
2015-02-01,140827.0,nonfarm
2015-03-01,140923.0,nonfarm
2015-04-01,141196.0,nonfarm
2015-05-01,141538.0,nonfarm
2015-06-01,141709.0,nonfarm
2015-07-01,141991.0,nonfarm
2015-08-01,142125.0,nonfarm
2015-09-01,142275.0,nonfarm
2015-10-01,142579.0,nonfarm
2015-11-01,142808.0,nonfarm
2015-12-01,143077.0,nonfarm
2016-01-01,143210.0,nonfarm
2016-02-01,143406.0,nonfarm
2016-03-01,143662.0,nonfarm
2016-04-01,143854.0,nonfarm
2016-05-01,143900.0,nonfarm
2016-06-01,144147.0,nonfarm
2016-07-01,144520.0,nonfarm
2016-08-01,144661.0,nonfarm
2016-09-01,144967.0,nonfarm
2016-10-01,145065.0,nonfarm
2016-11-01,145183.0,nonfarm
2016-12-01,145408.0,nonfarm
2017-01-01,145628.0,nonfarm
2017-02-01,145846.0,nonfarm
2017-03-01,145970.0,nonfarm
2017-04-01,146175.0,nonfarm
2017-05-01,146380.0,nonfarm
2017-06-01,146583.0,nonfarm
2017-07-01,146772.0,nonfarm
2017-08-01,146919.0,nonfarm
2017-09-01,147008.0,nonfarm
2017-10-01,147149.0,nonfarm
2017-11-01,147372.0,nonfarm
2017-12-01,147523.0,nonfarm
2018-01-01,147660.0,nonfarm
2018-02-01,148054.0,nonfarm
2018-03-01,148280.0,nonfarm
2018-04-01,148420.0,nonfarm
2018-05-01,148742.0,nonfarm
2018-06-01,148960.0,nonfarm
2018-07-01,149020.0,nonfarm
2018-08-01,149277.0,nonfarm
2018-09-01,149358.0,nonfarm
2018-10-01,149527.0,nonfarm
2018-11-01,149617.0,nonfarm
2018-12-01,149809.0,nonfarm
2019-01-01,150060.0,nonfarm
2019-02-01,150067.0,nonfarm
2019-03-01,150295.0,nonfarm
2019-04-01,150591.0,nonfarm
2019-05-01,150618.0,nonfarm
2019-06-01,150838.0,nonfarm
2019-07-01,150937.0,nonfarm
2019-08-01,151169.0,nonfarm
2019-09-01,151365.0,nonfarm
2019-10-01,151460.0,nonfarm
2019-11-01,151667.0,nonfarm
2019-12-01,151794.0,nonfarm
2020-01-01,152031.0,nonfarm
2020-02-01,152293.0,nonfarm
2020-03-01,150895.0,nonfarm
2020-04-01,130426.0,nonfarm
2020-05-01,133040.0,nonfarm
2020-06-01,137671.0,nonfarm
2020-07-01,139255.0,nonfarm
2020-08-01,140821.0,nonfarm
2020-09-01,141770.0,nonfarm
2020-10-01,142460.0,nonfarm
2020-11-01,142733.0,nonfarm
2020-12-01,142548.0,nonfarm
2021-01-01,142863.0,nonfarm
2021-02-01,143380.0,nonfarm
2021-03-01,144232.0,nonfarm
2021-04-01,144587.0,nonfarm
2021-05-01,145065.0,nonfarm
2021-06-01,145820.0,nonfarm
2021-07-01,146762.0,nonfarm
2021-08-01,147314.0,nonfarm
2021-09-01,147771.0,nonfarm
2021-10-01,148572.0,nonfarm
2021-11-01,149230.0,nonfarm
2021-12-01,149816.0,nonfarm
2022-01-01,150006.0,nonfarm
2022-02-01,150825.0,nonfarm
2022-03-01,151315.0,nonfarm
2022-04-01,151623.0,nonfarm
2022-05-01,151924.0,nonfarm
2022-06-01,152358.0,nonfarm
2022-07-01,153072.0,nonfarm
2022-08-01,153362.0,nonfarm
2022-09-01,153582.0,nonfarm
2022-10-01,153939.0,nonfarm
2022-11-01,154242.0,nonfarm
2022-12-01,154342.0,nonfarm
2023-01-01,154776.0,nonfarm
2023-02-01,155066.0,nonfarm
2023-03-01,155134.0,nonfarm
2023-04-01,155375.0,nonfarm
2023-05-01,155655.0,nonfarm
2023-06-01,155880.0,nonfarm
2023-07-01,156043.0,nonfarm
2023-08-01,156261.0,nonfarm
2023-09-01,156417.0,nonfarm
2023-10-01,156576.0,nonfarm
2023-11-01,156703.0,nonfarm
2023-12-01,156857.0,nonfarm
2024-01-01,157032.0,nonfarm
2024-02-01,157238.0,nonfarm
2024-03-01,157466.0,nonfarm
2024-04-01,157530.0,nonfarm
2024-05-01,157608.0,nonfarm
2024-06-01,157695.0,nonfarm
2024-07-01,157748.0,nonfarm
2024-08-01,157757.0,nonfarm
2024-09-01,157912.0,nonfarm
2024-10-01,157945.0,nonfarm
2024-11-01,158079.0,nonfarm
2024-12-01,158316.0,nonfarm
2025-01-01,158268.0,nonfarm
2025-02-01,158310.0,nonfarm
2025-03-01,158377.0,nonfarm
2025-04-01,158485.0,nonfarm
2025-05-01,158498.0,nonfarm
2025-06-01,158478.0,nonfarm
2025-07-01,158542.0,nonfarm
2025-08-01,158472.0,nonfarm
2025-09-01,158548.0,nonfarm
2025-10-01,158408.0,nonfarm
2025-11-01,158449.0,nonfarm
2025-12-01,158432.0,nonfarm
2026-01-01,158592.0,nonfarm
2026-02-01,158436.0,nonfarm
2026-03-01,158650.0,nonfarm
2026-04-01,158798.0,nonfarm
2026-05-01,158927.0,nonfarm
2026-06-01,158984.0,nonfarm
1948-01-01,3.4,unemployment
1948-02-01,3.8,unemployment
1948-03-01,4.0,unemployment
1948-04-01,3.9,unemployment
1948-05-01,3.5,unemployment
1948-06-01,3.6,unemployment
1948-07-01,3.6,unemployment
1948-08-01,3.9,unemployment
1948-09-01,3.8,unemployment
1948-10-01,3.7,unemployment
1948-11-01,3.8,unemployment
1948-12-01,4.0,unemployment
1949-01-01,4.3,unemployment
1949-02-01,4.7,unemployment
1949-03-01,5.0,unemployment
1949-04-01,5.3,unemployment
1949-05-01,6.1,unemployment
1949-06-01,6.2,unemployment
1949-07-01,6.7,unemployment
1949-08-01,6.8,unemployment
1949-09-01,6.6,unemployment
1949-10-01,7.9,unemployment
1949-11-01,6.4,unemployment
1949-12-01,6.6,unemployment
1950-01-01,6.5,unemployment
1950-02-01,6.4,unemployment
1950-03-01,6.3,unemployment
1950-04-01,5.8,unemployment
1950-05-01,5.5,unemployment
1950-06-01,5.4,unemployment
1950-07-01,5.0,unemployment
1950-08-01,4.5,unemployment
1950-09-01,4.4,unemployment
1950-10-01,4.2,unemployment
1950-11-01,4.2,unemployment
1950-12-01,4.3,unemployment
1951-01-01,3.7,unemployment
1951-02-01,3.4,unemployment
1951-03-01,3.4,unemployment
1951-04-01,3.1,unemployment
1951-05-01,3.0,unemployment
1951-06-01,3.2,unemployment
1951-07-01,3.1,unemployment
1951-08-01,3.1,unemployment
1951-09-01,3.3,unemployment
1951-10-01,3.5,unemployment
1951-11-01,3.5,unemployment
1951-12-01,3.1,unemployment
1952-01-01,3.2,unemployment
1952-02-01,3.1,unemployment
1952-03-01,2.9,unemployment
1952-04-01,2.9,unemployment
1952-05-01,3.0,unemployment
1952-06-01,3.0,unemployment
1952-07-01,3.2,unemployment
1952-08-01,3.4,unemployment
1952-09-01,3.1,unemployment
1952-10-01,3.0,unemployment
1952-11-01,2.8,unemployment
1952-12-01,2.7,unemployment
1953-01-01,2.9,unemployment
1953-02-01,2.6,unemployment
1953-03-01,2.6,unemployment
1953-04-01,2.7,unemployment
1953-05-01,2.5,unemployment
1953-06-01,2.5,unemployment
1953-07-01,2.6,unemployment
1953-08-01,2.7,unemployment
1953-09-01,2.9,unemployment
1953-10-01,3.1,unemployment
1953-11-01,3.5,unemployment
1953-12-01,4.5,unemployment
1954-01-01,4.9,unemployment
1954-02-01,5.2,unemployment
1954-03-01,5.7,unemployment
1954-04-01,5.9,unemployment
1954-05-01,5.9,unemployment
1954-06-01,5.6,unemployment
1954-07-01,5.8,unemployment
1954-08-01,6.0,unemployment
1954-09-01,6.1,unemployment
1954-10-01,5.7,unemployment
1954-11-01,5.3,unemployment
1954-12-01,5.0,unemployment
1955-01-01,4.9,unemployment
1955-02-01,4.7,unemployment
1955-03-01,4.6,unemployment
1955-04-01,4.7,unemployment
1955-05-01,4.3,unemployment
1955-06-01,4.2,unemployment
1955-07-01,4.0,unemployment
1955-08-01,4.2,unemployment
1955-09-01,4.1,unemployment
1955-10-01,4.3,unemployment
1955-11-01,4.2,unemployment
1955-12-01,4.2,unemployment
1956-01-01,4.0,unemployment
1956-02-01,3.9,unemployment
1956-03-01,4.2,unemployment
1956-04-01,4.0,unemployment
1956-05-01,4.3,unemployment
1956-06-01,4.3,unemployment
1956-07-01,4.4,unemployment
1956-08-01,4.1,unemployment
1956-09-01,3.9,unemployment
1956-10-01,3.9,unemployment
1956-11-01,4.3,unemployment
1956-12-01,4.2,unemployment
1957-01-01,4.2,unemployment
1957-02-01,3.9,unemployment
1957-03-01,3.7,unemployment
1957-04-01,3.9,unemployment
1957-05-01,4.1,unemployment
1957-06-01,4.3,unemployment
1957-07-01,4.2,unemployment
1957-08-01,4.1,unemployment
1957-09-01,4.4,unemployment
1957-10-01,4.5,unemployment
1957-11-01,5.1,unemployment
1957-12-01,5.2,unemployment
1958-01-01,5.8,unemployment
1958-02-01,6.4,unemployment
1958-03-01,6.7,unemployment
1958-04-01,7.4,unemployment
1958-05-01,7.4,unemployment
1958-06-01,7.3,unemployment
1958-07-01,7.5,unemployment
1958-08-01,7.4,unemployment
1958-09-01,7.1,unemployment
1958-10-01,6.7,unemployment
1958-11-01,6.2,unemployment
1958-12-01,6.2,unemployment
1959-01-01,6.0,unemployment
1959-02-01,5.9,unemployment
1959-03-01,5.6,unemployment
1959-04-01,5.2,unemployment
1959-05-01,5.1,unemployment
1959-06-01,5.0,unemployment
1959-07-01,5.1,unemployment
1959-08-01,5.2,unemployment
1959-09-01,5.5,unemployment
1959-10-01,5.7,unemployment
1959-11-01,5.8,unemployment
1959-12-01,5.3,unemployment
1960-01-01,5.2,unemployment
1960-02-01,4.8,unemployment
1960-03-01,5.4,unemployment
1960-04-01,5.2,unemployment
1960-05-01,5.1,unemployment
1960-06-01,5.4,unemployment
1960-07-01,5.5,unemployment
1960-08-01,5.6,unemployment
1960-09-01,5.5,unemployment
1960-10-01,6.1,unemployment
1960-11-01,6.1,unemployment
1960-12-01,6.6,unemployment
1961-01-01,6.6,unemployment
1961-02-01,6.9,unemployment
1961-03-01,6.9,unemployment
1961-04-01,7.0,unemployment
1961-05-01,7.1,unemployment
1961-06-01,6.9,unemployment
1961-07-01,7.0,unemployment
1961-08-01,6.6,unemployment
1961-09-01,6.7,unemployment
1961-10-01,6.5,unemployment
1961-11-01,6.1,unemployment
1961-12-01,6.0,unemployment
1962-01-01,5.8,unemployment
1962-02-01,5.5,unemployment
1962-03-01,5.6,unemployment
1962-04-01,5.6,unemployment
1962-05-01,5.5,unemployment
1962-06-01,5.5,unemployment
1962-07-01,5.4,unemployment
1962-08-01,5.7,unemployment
1962-09-01,5.6,unemployment
1962-10-01,5.4,unemployment
1962-11-01,5.7,unemployment
1962-12-01,5.5,unemployment
1963-01-01,5.7,unemployment
1963-02-01,5.9,unemployment
1963-03-01,5.7,unemployment
1963-04-01,5.7,unemployment
1963-05-01,5.9,unemployment
1963-06-01,5.6,unemployment
1963-07-01,5.6,unemployment
1963-08-01,5.4,unemployment
1963-09-01,5.5,unemployment
1963-10-01,5.5,unemployment
1963-11-01,5.7,unemployment
1963-12-01,5.5,unemployment
1964-01-01,5.6,unemployment
1964-02-01,5.4,unemployment
1964-03-01,5.4,unemployment
1964-04-01,5.3,unemployment
1964-05-01,5.1,unemployment
1964-06-01,5.2,unemployment
1964-07-01,4.9,unemployment
1964-08-01,5.0,unemployment
1964-09-01,5.1,unemployment
1964-10-01,5.1,unemployment
1964-11-01,4.8,unemployment
1964-12-01,5.0,unemployment
1965-01-01,4.9,unemployment
1965-02-01,5.1,unemployment
1965-03-01,4.7,unemployment
1965-04-01,4.8,unemployment
1965-05-01,4.6,unemployment
1965-06-01,4.6,unemployment
1965-07-01,4.4,unemployment
1965-08-01,4.4,unemployment
1965-09-01,4.3,unemployment
1965-10-01,4.2,unemployment
1965-11-01,4.1,unemployment
1965-12-01,4.0,unemployment
1966-01-01,4.0,unemployment
1966-02-01,3.8,unemployment
1966-03-01,3.8,unemployment
1966-04-01,3.8,unemployment
1966-05-01,3.9,unemployment
1966-06-01,3.8,unemployment
1966-07-01,3.8,unemployment
1966-08-01,3.8,unemployment
1966-09-01,3.7,unemployment
1966-10-01,3.7,unemployment
1966-11-01,3.6,unemployment
1966-12-01,3.8,unemployment
1967-01-01,3.9,unemployment
1967-02-01,3.8,unemployment
1967-03-01,3.8,unemployment
1967-04-01,3.8,unemployment
1967-05-01,3.8,unemployment
1967-06-01,3.9,unemployment
1967-07-01,3.8,unemployment
1967-08-01,3.8,unemployment
1967-09-01,3.8,unemployment
1967-10-01,4.0,unemployment
1967-11-01,3.9,unemployment
1967-12-01,3.8,unemployment
1968-01-01,3.7,unemployment
1968-02-01,3.8,unemployment
1968-03-01,3.7,unemployment
1968-04-01,3.5,unemployment
1968-05-01,3.5,unemployment
1968-06-01,3.7,unemployment
1968-07-01,3.7,unemployment
1968-08-01,3.5,unemployment
1968-09-01,3.4,unemployment
1968-10-01,3.4,unemployment
1968-11-01,3.4,unemployment
1968-12-01,3.4,unemployment
1969-01-01,3.4,unemployment
1969-02-01,3.4,unemployment
1969-03-01,3.4,unemployment
1969-04-01,3.4,unemployment
1969-05-01,3.4,unemployment
1969-06-01,3.5,unemployment
1969-07-01,3.5,unemployment
1969-08-01,3.5,unemployment
1969-09-01,3.7,unemployment
1969-10-01,3.7,unemployment
1969-11-01,3.5,unemployment
1969-12-01,3.5,unemployment
1970-01-01,3.9,unemployment
1970-02-01,4.2,unemployment
1970-03-01,4.4,unemployment
1970-04-01,4.6,unemployment
1970-05-01,4.8,unemployment
1970-06-01,4.9,unemployment
1970-07-01,5.0,unemployment
1970-08-01,5.1,unemployment
1970-09-01,5.4,unemployment
1970-10-01,5.5,unemployment
1970-11-01,5.9,unemployment
1970-12-01,6.1,unemployment
1971-01-01,5.9,unemployment
1971-02-01,5.9,unemployment
1971-03-01,6.0,unemployment
1971-04-01,5.9,unemployment
1971-05-01,5.9,unemployment
1971-06-01,5.9,unemployment
1971-07-01,6.0,unemployment
1971-08-01,6.1,unemployment
1971-09-01,6.0,unemployment
1971-10-01,5.8,unemployment
1971-11-01,6.0,unemployment
1971-12-01,6.0,unemployment
1972-01-01,5.8,unemployment
1972-02-01,5.7,unemployment
1972-03-01,5.8,unemployment
1972-04-01,5.7,unemployment
1972-05-01,5.7,unemployment
1972-06-01,5.7,unemployment
1972-07-01,5.6,unemployment
1972-08-01,5.6,unemployment
1972-09-01,5.5,unemployment
1972-10-01,5.6,unemployment
1972-11-01,5.3,unemployment
1972-12-01,5.2,unemployment
1973-01-01,4.9,unemployment
1973-02-01,5.0,unemployment
1973-03-01,4.9,unemployment
1973-04-01,5.0,unemployment
1973-05-01,4.9,unemployment
1973-06-01,4.9,unemployment
1973-07-01,4.8,unemployment
1973-08-01,4.8,unemployment
1973-09-01,4.8,unemployment
1973-10-01,4.6,unemployment
1973-11-01,4.8,unemployment
1973-12-01,4.9,unemployment
1974-01-01,5.1,unemployment
1974-02-01,5.2,unemployment
1974-03-01,5.1,unemployment
1974-04-01,5.1,unemployment
1974-05-01,5.1,unemployment
1974-06-01,5.4,unemployment
1974-07-01,5.5,unemployment
1974-08-01,5.5,unemployment
1974-09-01,5.9,unemployment
1974-10-01,6.0,unemployment
1974-11-01,6.6,unemployment
1974-12-01,7.2,unemployment
1975-01-01,8.1,unemployment
1975-02-01,8.1,unemployment
1975-03-01,8.6,unemployment
1975-04-01,8.8,unemployment
1975-05-01,9.0,unemployment
1975-06-01,8.8,unemployment
1975-07-01,8.6,unemployment
1975-08-01,8.4,unemployment
1975-09-01,8.4,unemployment
1975-10-01,8.4,unemployment
1975-11-01,8.3,unemployment
1975-12-01,8.2,unemployment
1976-01-01,7.9,unemployment
1976-02-01,7.7,unemployment
1976-03-01,7.6,unemployment
1976-04-01,7.7,unemployment
1976-05-01,7.4,unemployment
1976-06-01,7.6,unemployment
1976-07-01,7.8,unemployment
1976-08-01,7.8,unemployment
1976-09-01,7.6,unemployment
1976-10-01,7.7,unemployment
1976-11-01,7.8,unemployment
1976-12-01,7.8,unemployment
1977-01-01,7.5,unemployment
1977-02-01,7.6,unemployment
1977-03-01,7.4,unemployment
1977-04-01,7.2,unemployment
1977-05-01,7.0,unemployment
1977-06-01,7.2,unemployment
1977-07-01,6.9,unemployment
1977-08-01,7.0,unemployment
1977-09-01,6.8,unemployment
1977-10-01,6.8,unemployment
1977-11-01,6.8,unemployment
1977-12-01,6.4,unemployment
1978-01-01,6.4,unemployment
1978-02-01,6.3,unemployment
1978-03-01,6.3,unemployment
1978-04-01,6.1,unemployment
1978-05-01,6.0,unemployment
1978-06-01,5.9,unemployment
1978-07-01,6.2,unemployment
1978-08-01,5.9,unemployment
1978-09-01,6.0,unemployment
1978-10-01,5.8,unemployment
1978-11-01,5.9,unemployment
1978-12-01,6.0,unemployment
1979-01-01,5.9,unemployment
1979-02-01,5.9,unemployment
1979-03-01,5.8,unemployment
1979-04-01,5.8,unemployment
1979-05-01,5.6,unemployment
1979-06-01,5.7,unemployment
1979-07-01,5.7,unemployment
1979-08-01,6.0,unemployment
1979-09-01,5.9,unemployment
1979-10-01,6.0,unemployment
1979-11-01,5.9,unemployment
1979-12-01,6.0,unemployment
1980-01-01,6.3,unemployment
1980-02-01,6.3,unemployment
1980-03-01,6.3,unemployment
1980-04-01,6.9,unemployment
1980-05-01,7.5,unemployment
1980-06-01,7.6,unemployment
1980-07-01,7.8,unemployment
1980-08-01,7.7,unemployment
1980-09-01,7.5,unemployment
1980-10-01,7.5,unemployment
1980-11-01,7.5,unemployment
1980-12-01,7.2,unemployment
1981-01-01,7.5,unemployment
1981-02-01,7.4,unemployment
1981-03-01,7.4,unemployment
1981-04-01,7.2,unemployment
1981-05-01,7.5,unemployment
1981-06-01,7.5,unemployment
1981-07-01,7.2,unemployment
1981-08-01,7.4,unemployment
1981-09-01,7.6,unemployment
1981-10-01,7.9,unemployment
1981-11-01,8.3,unemployment
1981-12-01,8.5,unemployment
1982-01-01,8.6,unemployment
1982-02-01,8.9,unemployment
1982-03-01,9.0,unemployment
1982-04-01,9.3,unemployment
1982-05-01,9.4,unemployment
1982-06-01,9.6,unemployment
1982-07-01,9.8,unemployment
1982-08-01,9.8,unemployment
1982-09-01,10.1,unemployment
1982-10-01,10.4,unemployment
1982-11-01,10.8,unemployment
1982-12-01,10.8,unemployment
1983-01-01,10.4,unemployment
1983-02-01,10.4,unemployment
1983-03-01,10.3,unemployment
1983-04-01,10.2,unemployment
1983-05-01,10.1,unemployment
1983-06-01,10.1,unemployment
1983-07-01,9.4,unemployment
1983-08-01,9.5,unemployment
1983-09-01,9.2,unemployment
1983-10-01,8.8,unemployment
1983-11-01,8.5,unemployment
1983-12-01,8.3,unemployment
1984-01-01,8.0,unemployment
1984-02-01,7.8,unemployment
1984-03-01,7.8,unemployment
1984-04-01,7.7,unemployment
1984-05-01,7.4,unemployment
1984-06-01,7.2,unemployment
1984-07-01,7.5,unemployment
1984-08-01,7.5,unemployment
1984-09-01,7.3,unemployment
1984-10-01,7.4,unemployment
1984-11-01,7.2,unemployment
1984-12-01,7.3,unemployment
1985-01-01,7.3,unemployment
1985-02-01,7.2,unemployment
1985-03-01,7.2,unemployment
1985-04-01,7.3,unemployment
1985-05-01,7.2,unemployment
1985-06-01,7.4,unemployment
1985-07-01,7.4,unemployment
1985-08-01,7.1,unemployment
1985-09-01,7.1,unemployment
1985-10-01,7.1,unemployment
1985-11-01,7.0,unemployment
1985-12-01,7.0,unemployment
1986-01-01,6.7,unemployment
1986-02-01,7.2,unemployment
1986-03-01,7.2,unemployment
1986-04-01,7.1,unemployment
1986-05-01,7.2,unemployment
1986-06-01,7.2,unemployment
1986-07-01,7.0,unemployment
1986-08-01,6.9,unemployment
1986-09-01,7.0,unemployment
1986-10-01,7.0,unemployment
1986-11-01,6.9,unemployment
1986-12-01,6.6,unemployment
1987-01-01,6.6,unemployment
1987-02-01,6.6,unemployment
1987-03-01,6.6,unemployment
1987-04-01,6.3,unemployment
1987-05-01,6.3,unemployment
1987-06-01,6.2,unemployment
1987-07-01,6.1,unemployment
1987-08-01,6.0,unemployment
1987-09-01,5.9,unemployment
1987-10-01,6.0,unemployment
1987-11-01,5.8,unemployment
1987-12-01,5.7,unemployment
1988-01-01,5.7,unemployment
1988-02-01,5.7,unemployment
1988-03-01,5.7,unemployment
1988-04-01,5.4,unemployment
1988-05-01,5.6,unemployment
1988-06-01,5.4,unemployment
1988-07-01,5.4,unemployment
1988-08-01,5.6,unemployment
1988-09-01,5.4,unemployment
1988-10-01,5.4,unemployment
1988-11-01,5.3,unemployment
1988-12-01,5.3,unemployment
1989-01-01,5.4,unemployment
1989-02-01,5.2,unemployment
1989-03-01,5.0,unemployment
1989-04-01,5.2,unemployment
1989-05-01,5.2,unemployment
1989-06-01,5.3,unemployment
1989-07-01,5.2,unemployment
1989-08-01,5.2,unemployment
1989-09-01,5.3,unemployment
1989-10-01,5.3,unemployment
1989-11-01,5.4,unemployment
1989-12-01,5.4,unemployment
1990-01-01,5.4,unemployment
1990-02-01,5.3,unemployment
1990-03-01,5.2,unemployment
1990-04-01,5.4,unemployment
1990-05-01,5.4,unemployment
1990-06-01,5.2,unemployment
1990-07-01,5.5,unemployment
1990-08-01,5.7,unemployment
1990-09-01,5.9,unemployment
1990-10-01,5.9,unemployment
1990-11-01,6.2,unemployment
1990-12-01,6.3,unemployment
1991-01-01,6.4,unemployment
1991-02-01,6.6,unemployment
1991-03-01,6.8,unemployment
1991-04-01,6.7,unemployment
1991-05-01,6.9,unemployment
1991-06-01,6.9,unemployment
1991-07-01,6.8,unemployment
1991-08-01,6.9,unemployment
1991-09-01,6.9,unemployment
1991-10-01,7.0,unemployment
1991-11-01,7.0,unemployment
1991-12-01,7.3,unemployment
1992-01-01,7.3,unemployment
1992-02-01,7.4,unemployment
1992-03-01,7.4,unemployment
1992-04-01,7.4,unemployment
1992-05-01,7.6,unemployment
1992-06-01,7.8,unemployment
1992-07-01,7.7,unemployment
1992-08-01,7.6,unemployment
1992-09-01,7.6,unemployment
1992-10-01,7.3,unemployment
1992-11-01,7.4,unemployment
1992-12-01,7.4,unemployment
1993-01-01,7.3,unemployment
1993-02-01,7.1,unemployment
1993-03-01,7.0,unemployment
1993-04-01,7.1,unemployment
1993-05-01,7.1,unemployment
1993-06-01,7.0,unemployment
1993-07-01,6.9,unemployment
1993-08-01,6.8,unemployment
1993-09-01,6.7,unemployment
1993-10-01,6.8,unemployment
1993-11-01,6.6,unemployment
1993-12-01,6.5,unemployment
1994-01-01,6.6,unemployment
1994-02-01,6.6,unemployment
1994-03-01,6.5,unemployment
1994-04-01,6.4,unemployment
1994-05-01,6.1,unemployment
1994-06-01,6.1,unemployment
1994-07-01,6.1,unemployment
1994-08-01,6.0,unemployment
1994-09-01,5.9,unemployment
1994-10-01,5.8,unemployment
1994-11-01,5.6,unemployment
1994-12-01,5.5,unemployment
1995-01-01,5.6,unemployment
1995-02-01,5.4,unemployment
1995-03-01,5.4,unemployment
1995-04-01,5.8,unemployment
1995-05-01,5.6,unemployment
1995-06-01,5.6,unemployment
1995-07-01,5.7,unemployment
1995-08-01,5.7,unemployment
1995-09-01,5.6,unemployment
1995-10-01,5.5,unemployment
1995-11-01,5.6,unemployment
1995-12-01,5.6,unemployment
1996-01-01,5.6,unemployment
1996-02-01,5.5,unemployment
1996-03-01,5.5,unemployment
1996-04-01,5.6,unemployment
1996-05-01,5.6,unemployment
1996-06-01,5.3,unemployment
1996-07-01,5.5,unemployment
1996-08-01,5.1,unemployment
1996-09-01,5.2,unemployment
1996-10-01,5.2,unemployment
1996-11-01,5.4,unemployment
1996-12-01,5.4,unemployment
1997-01-01,5.3,unemployment
1997-02-01,5.2,unemployment
1997-03-01,5.2,unemployment
1997-04-01,5.1,unemployment
1997-05-01,4.9,unemployment
1997-06-01,5.0,unemployment
1997-07-01,4.9,unemployment
1997-08-01,4.8,unemployment
1997-09-01,4.9,unemployment
1997-10-01,4.7,unemployment
1997-11-01,4.6,unemployment
1997-12-01,4.7,unemployment
1998-01-01,4.6,unemployment
1998-02-01,4.6,unemployment
1998-03-01,4.7,unemployment
1998-04-01,4.3,unemployment
1998-05-01,4.4,unemployment
1998-06-01,4.5,unemployment
1998-07-01,4.5,unemployment
1998-08-01,4.5,unemployment
1998-09-01,4.6,unemployment
1998-10-01,4.5,unemployment
1998-11-01,4.4,unemployment
1998-12-01,4.4,unemployment
1999-01-01,4.3,unemployment
1999-02-01,4.4,unemployment
1999-03-01,4.2,unemployment
1999-04-01,4.3,unemployment
1999-05-01,4.2,unemployment
1999-06-01,4.3,unemployment
1999-07-01,4.3,unemployment
1999-08-01,4.2,unemployment
1999-09-01,4.2,unemployment
1999-10-01,4.1,unemployment
1999-11-01,4.1,unemployment
1999-12-01,4.0,unemployment
2000-01-01,4.0,unemployment
2000-02-01,4.1,unemployment
2000-03-01,4.0,unemployment
2000-04-01,3.8,unemployment
2000-05-01,4.0,unemployment
2000-06-01,4.0,unemployment
2000-07-01,4.0,unemployment
2000-08-01,4.1,unemployment
2000-09-01,3.9,unemployment
2000-10-01,3.9,unemployment
2000-11-01,3.9,unemployment
2000-12-01,3.9,unemployment
2001-01-01,4.2,unemployment
2001-02-01,4.2,unemployment
2001-03-01,4.3,unemployment
2001-04-01,4.4,unemployment
2001-05-01,4.3,unemployment
2001-06-01,4.5,unemployment
2001-07-01,4.6,unemployment
2001-08-01,4.9,unemployment
2001-09-01,5.0,unemployment
2001-10-01,5.3,unemployment
2001-11-01,5.5,unemployment
2001-12-01,5.7,unemployment
2002-01-01,5.7,unemployment
2002-02-01,5.7,unemployment
2002-03-01,5.7,unemployment
2002-04-01,5.9,unemployment
2002-05-01,5.8,unemployment
2002-06-01,5.8,unemployment
2002-07-01,5.8,unemployment
2002-08-01,5.7,unemployment
2002-09-01,5.7,unemployment
2002-10-01,5.7,unemployment
2002-11-01,5.9,unemployment
2002-12-01,6.0,unemployment
2003-01-01,5.8,unemployment
2003-02-01,5.9,unemployment
2003-03-01,5.9,unemployment
2003-04-01,6.0,unemployment
2003-05-01,6.1,unemployment
2003-06-01,6.3,unemployment
2003-07-01,6.2,unemployment
2003-08-01,6.1,unemployment
2003-09-01,6.1,unemployment
2003-10-01,6.0,unemployment
2003-11-01,5.8,unemployment
2003-12-01,5.7,unemployment
2004-01-01,5.7,unemployment
2004-02-01,5.6,unemployment
2004-03-01,5.8,unemployment
2004-04-01,5.6,unemployment
2004-05-01,5.6,unemployment
2004-06-01,5.6,unemployment
2004-07-01,5.5,unemployment
2004-08-01,5.4,unemployment
2004-09-01,5.4,unemployment
2004-10-01,5.5,unemployment
2004-11-01,5.4,unemployment
2004-12-01,5.4,unemployment
2005-01-01,5.3,unemployment
2005-02-01,5.4,unemployment
2005-03-01,5.2,unemployment
2005-04-01,5.2,unemployment
2005-05-01,5.1,unemployment
2005-06-01,5.0,unemployment
2005-07-01,5.0,unemployment
2005-08-01,4.9,unemployment
2005-09-01,5.0,unemployment
2005-10-01,5.0,unemployment
2005-11-01,5.0,unemployment
2005-12-01,4.9,unemployment
2006-01-01,4.7,unemployment
2006-02-01,4.8,unemployment
2006-03-01,4.7,unemployment
2006-04-01,4.7,unemployment
2006-05-01,4.6,unemployment
2006-06-01,4.6,unemployment
2006-07-01,4.7,unemployment
2006-08-01,4.7,unemployment
2006-09-01,4.5,unemployment
2006-10-01,4.4,unemployment
2006-11-01,4.5,unemployment
2006-12-01,4.4,unemployment
2007-01-01,4.6,unemployment
2007-02-01,4.5,unemployment
2007-03-01,4.4,unemployment
2007-04-01,4.5,unemployment
2007-05-01,4.4,unemployment
2007-06-01,4.6,unemployment
2007-07-01,4.7,unemployment
2007-08-01,4.6,unemployment
2007-09-01,4.7,unemployment
2007-10-01,4.7,unemployment
2007-11-01,4.7,unemployment
2007-12-01,5.0,unemployment
2008-01-01,5.0,unemployment
2008-02-01,4.9,unemployment
2008-03-01,5.1,unemployment
2008-04-01,5.0,unemployment
2008-05-01,5.4,unemployment
2008-06-01,5.6,unemployment
2008-07-01,5.8,unemployment
2008-08-01,6.1,unemployment
2008-09-01,6.1,unemployment
2008-10-01,6.5,unemployment
2008-11-01,6.8,unemployment
2008-12-01,7.3,unemployment
2009-01-01,7.8,unemployment
2009-02-01,8.3,unemployment
2009-03-01,8.7,unemployment
2009-04-01,9.0,unemployment
2009-05-01,9.4,unemployment
2009-06-01,9.5,unemployment
2009-07-01,9.5,unemployment
2009-08-01,9.6,unemployment
2009-09-01,9.8,unemployment
2009-10-01,10.0,unemployment
2009-11-01,9.9,unemployment
2009-12-01,9.9,unemployment
2010-01-01,9.8,unemployment
2010-02-01,9.8,unemployment
2010-03-01,9.9,unemployment
2010-04-01,9.9,unemployment
2010-05-01,9.6,unemployment
2010-06-01,9.4,unemployment
2010-07-01,9.4,unemployment
2010-08-01,9.5,unemployment
2010-09-01,9.5,unemployment
2010-10-01,9.4,unemployment
2010-11-01,9.8,unemployment
2010-12-01,9.3,unemployment
2011-01-01,9.1,unemployment
2011-02-01,9.0,unemployment
2011-03-01,9.0,unemployment
2011-04-01,9.1,unemployment
2011-05-01,9.0,unemployment
2011-06-01,9.1,unemployment
2011-07-01,9.0,unemployment
2011-08-01,9.0,unemployment
2011-09-01,9.0,unemployment
2011-10-01,8.8,unemployment
2011-11-01,8.6,unemployment
2011-12-01,8.5,unemployment
2012-01-01,8.3,unemployment
2012-02-01,8.3,unemployment
2012-03-01,8.2,unemployment
2012-04-01,8.2,unemployment
2012-05-01,8.2,unemployment
2012-06-01,8.2,unemployment
2012-07-01,8.2,unemployment
2012-08-01,8.1,unemployment
2012-09-01,7.8,unemployment
2012-10-01,7.8,unemployment
2012-11-01,7.7,unemployment
2012-12-01,7.9,unemployment
2013-01-01,8.0,unemployment
2013-02-01,7.7,unemployment
2013-03-01,7.5,unemployment
2013-04-01,7.6,unemployment
2013-05-01,7.5,unemployment
2013-06-01,7.5,unemployment
2013-07-01,7.3,unemployment
2013-08-01,7.2,unemployment
2013-09-01,7.2,unemployment
2013-10-01,7.2,unemployment
2013-11-01,6.9,unemployment
2013-12-01,6.7,unemployment
2014-01-01,6.6,unemployment
2014-02-01,6.7,unemployment
2014-03-01,6.7,unemployment
2014-04-01,6.2,unemployment
2014-05-01,6.3,unemployment
2014-06-01,6.1,unemployment
2014-07-01,6.2,unemployment
2014-08-01,6.1,unemployment
2014-09-01,5.9,unemployment
2014-10-01,5.7,unemployment
2014-11-01,5.8,unemployment
2014-12-01,5.6,unemployment
2015-01-01,5.7,unemployment
2015-02-01,5.5,unemployment
2015-03-01,5.4,unemployment
2015-04-01,5.4,unemployment
2015-05-01,5.6,unemployment
2015-06-01,5.3,unemployment
2015-07-01,5.2,unemployment
2015-08-01,5.1,unemployment
2015-09-01,5.0,unemployment
2015-10-01,5.0,unemployment
2015-11-01,5.1,unemployment
2015-12-01,5.0,unemployment
2016-01-01,4.8,unemployment
2016-02-01,4.9,unemployment
2016-03-01,5.0,unemployment
2016-04-01,5.1,unemployment
2016-05-01,4.8,unemployment
2016-06-01,4.9,unemployment
2016-07-01,4.8,unemployment
2016-08-01,4.9,unemployment
2016-09-01,5.0,unemployment
2016-10-01,4.9,unemployment
2016-11-01,4.7,unemployment
2016-12-01,4.7,unemployment
2017-01-01,4.7,unemployment
2017-02-01,4.6,unemployment
2017-03-01,4.4,unemployment
2017-04-01,4.4,unemployment
2017-05-01,4.4,unemployment
2017-06-01,4.3,unemployment
2017-07-01,4.3,unemployment
2017-08-01,4.4,unemployment
2017-09-01,4.3,unemployment
2017-10-01,4.2,unemployment
2017-11-01,4.2,unemployment
2017-12-01,4.1,unemployment
2018-01-01,4.0,unemployment
2018-02-01,4.1,unemployment
2018-03-01,4.0,unemployment
2018-04-01,4.0,unemployment
2018-05-01,3.8,unemployment
2018-06-01,4.0,unemployment
2018-07-01,3.8,unemployment
2018-08-01,3.8,unemployment
2018-09-01,3.7,unemployment
2018-10-01,3.8,unemployment
2018-11-01,3.8,unemployment
2018-12-01,3.9,unemployment
2019-01-01,4.0,unemployment
2019-02-01,3.8,unemployment
2019-03-01,3.8,unemployment
2019-04-01,3.7,unemployment
2019-05-01,3.6,unemployment
2019-06-01,3.6,unemployment
2019-07-01,3.7,unemployment
2019-08-01,3.6,unemployment
2019-09-01,3.5,unemployment
2019-10-01,3.6,unemployment
2019-11-01,3.6,unemployment
2019-12-01,3.6,unemployment
2020-01-01,3.6,unemployment
2020-02-01,3.5,unemployment
2020-03-01,4.4,unemployment
2020-04-01,14.8,unemployment
2020-05-01,13.2,unemployment
2020-06-01,11.0,unemployment
2020-07-01,10.2,unemployment
2020-08-01,8.4,unemployment
2020-09-01,7.8,unemployment
2020-10-01,6.9,unemployment
2020-11-01,6.7,unemployment
2020-12-01,6.7,unemployment
2021-01-01,6.4,unemployment
2021-02-01,6.2,unemployment
2021-03-01,6.1,unemployment
2021-04-01,6.1,unemployment
2021-05-01,5.8,unemployment
2021-06-01,5.9,unemployment
2021-07-01,5.4,unemployment
2021-08-01,5.1,unemployment
2021-09-01,4.7,unemployment
2021-10-01,4.5,unemployment
2021-11-01,4.1,unemployment
2021-12-01,3.9,unemployment
2022-01-01,4.0,unemployment
2022-02-01,3.9,unemployment
2022-03-01,3.7,unemployment
2022-04-01,3.7,unemployment
2022-05-01,3.6,unemployment
2022-06-01,3.6,unemployment
2022-07-01,3.5,unemployment
2022-08-01,3.6,unemployment
2022-09-01,3.5,unemployment
2022-10-01,3.6,unemployment
2022-11-01,3.6,unemployment
2022-12-01,3.5,unemployment
2023-01-01,3.5,unemployment
2023-02-01,3.6,unemployment
2023-03-01,3.5,unemployment
2023-04-01,3.4,unemployment
2023-05-01,3.6,unemployment
2023-06-01,3.6,unemployment
2023-07-01,3.5,unemployment
2023-08-01,3.7,unemployment
2023-09-01,3.7,unemployment
2023-10-01,3.9,unemployment
2023-11-01,3.7,unemployment
2023-12-01,3.8,unemployment
2024-01-01,3.7,unemployment
2024-02-01,3.9,unemployment
2024-03-01,3.9,unemployment
2024-04-01,3.9,unemployment
2024-05-01,3.9,unemployment
2024-06-01,4.1,unemployment
2024-07-01,4.2,unemployment
2024-08-01,4.2,unemployment
2024-09-01,4.1,unemployment
2024-10-01,4.1,unemployment
2024-11-01,4.2,unemployment
2024-12-01,4.1,unemployment
2025-01-01,4.0,unemployment
2025-02-01,4.2,unemployment
2025-03-01,4.2,unemployment
2025-04-01,4.2,unemployment
2025-05-01,4.3,unemployment
2025-06-01,4.1,unemployment
2025-07-01,4.3,unemployment
2025-08-01,4.3,unemployment
2025-09-01,4.4,unemployment
2025-10-01,,unemployment
2025-11-01,4.5,unemployment
2025-12-01,4.4,unemployment
2026-01-01,4.3,unemployment
2026-02-01,4.4,unemployment
2026-03-01,4.3,unemployment
2026-04-01,4.3,unemployment
2026-05-01,4.3,unemployment
2026-06-01,4.2,unemployment
1947-01-01,21.48,cpi
1947-02-01,21.62,cpi
1947-03-01,22.0,cpi
1947-04-01,22.0,cpi
1947-05-01,21.95,cpi
1947-06-01,22.08,cpi
1947-07-01,22.23,cpi
1947-08-01,22.4,cpi
1947-09-01,22.84,cpi
1947-10-01,22.91,cpi
1947-11-01,23.06,cpi
1947-12-01,23.41,cpi
1948-01-01,23.68,cpi
1948-02-01,23.67,cpi
1948-03-01,23.5,cpi
1948-04-01,23.82,cpi
1948-05-01,24.01,cpi
1948-06-01,24.15,cpi
1948-07-01,24.4,cpi
1948-08-01,24.43,cpi
1948-09-01,24.36,cpi
1948-10-01,24.31,cpi
1948-11-01,24.16,cpi
1948-12-01,24.05,cpi
1949-01-01,24.01,cpi
1949-02-01,23.91,cpi
1949-03-01,23.91,cpi
1949-04-01,23.92,cpi
1949-05-01,23.91,cpi
1949-06-01,23.92,cpi
1949-07-01,23.7,cpi
1949-08-01,23.7,cpi
1949-09-01,23.75,cpi
1949-10-01,23.67,cpi
1949-11-01,23.7,cpi
1949-12-01,23.61,cpi
1950-01-01,23.51,cpi
1950-02-01,23.61,cpi
1950-03-01,23.64,cpi
1950-04-01,23.65,cpi
1950-05-01,23.77,cpi
1950-06-01,23.88,cpi
1950-07-01,24.07,cpi
1950-08-01,24.2,cpi
1950-09-01,24.34,cpi
1950-10-01,24.5,cpi
1950-11-01,24.6,cpi
1950-12-01,24.98,cpi
1951-01-01,25.38,cpi
1951-02-01,25.83,cpi
1951-03-01,25.88,cpi
1951-04-01,25.92,cpi
1951-05-01,25.99,cpi
1951-06-01,25.93,cpi
1951-07-01,25.91,cpi
1951-08-01,25.86,cpi
1951-09-01,26.03,cpi
1951-10-01,26.16,cpi
1951-11-01,26.32,cpi
1951-12-01,26.47,cpi
1952-01-01,26.45,cpi
1952-02-01,26.41,cpi
1952-03-01,26.39,cpi
1952-04-01,26.46,cpi
1952-05-01,26.47,cpi
1952-06-01,26.53,cpi
1952-07-01,26.68,cpi
1952-08-01,26.69,cpi
1952-09-01,26.63,cpi
1952-10-01,26.69,cpi
1952-11-01,26.69,cpi
1952-12-01,26.71,cpi
1953-01-01,26.64,cpi
1953-02-01,26.59,cpi
1953-03-01,26.63,cpi
1953-04-01,26.69,cpi
1953-05-01,26.7,cpi
1953-06-01,26.77,cpi
1953-07-01,26.79,cpi
1953-08-01,26.85,cpi
1953-09-01,26.89,cpi
1953-10-01,26.95,cpi
1953-11-01,26.85,cpi
1953-12-01,26.87,cpi
1954-01-01,26.94,cpi
1954-02-01,26.99,cpi
1954-03-01,26.93,cpi
1954-04-01,26.86,cpi
1954-05-01,26.93,cpi
1954-06-01,26.94,cpi
1954-07-01,26.86,cpi
1954-08-01,26.85,cpi
1954-09-01,26.81,cpi
1954-10-01,26.72,cpi
1954-11-01,26.78,cpi
1954-12-01,26.77,cpi
1955-01-01,26.77,cpi
1955-02-01,26.82,cpi
1955-03-01,26.79,cpi
1955-04-01,26.79,cpi
1955-05-01,26.77,cpi
1955-06-01,26.71,cpi
1955-07-01,26.76,cpi
1955-08-01,26.72,cpi
1955-09-01,26.85,cpi
1955-10-01,26.82,cpi
1955-11-01,26.88,cpi
1955-12-01,26.87,cpi
1956-01-01,26.83,cpi
1956-02-01,26.86,cpi
1956-03-01,26.89,cpi
1956-04-01,26.93,cpi
1956-05-01,27.03,cpi
1956-06-01,27.15,cpi
1956-07-01,27.29,cpi
1956-08-01,27.31,cpi
1956-09-01,27.35,cpi
1956-10-01,27.51,cpi
1956-11-01,27.51,cpi
1956-12-01,27.63,cpi
1957-01-01,27.67,cpi
1957-02-01,27.8,cpi
1957-03-01,27.86,cpi
1957-04-01,27.93,cpi
1957-05-01,28.0,cpi
1957-06-01,28.11,cpi
1957-07-01,28.19,cpi
1957-08-01,28.28,cpi
1957-09-01,28.32,cpi
1957-10-01,28.32,cpi
1957-11-01,28.41,cpi
1957-12-01,28.47,cpi
1958-01-01,28.64,cpi
1958-02-01,28.7,cpi
1958-03-01,28.87,cpi
1958-04-01,28.94,cpi
1958-05-01,28.94,cpi
1958-06-01,28.91,cpi
1958-07-01,28.89,cpi
1958-08-01,28.94,cpi
1958-09-01,28.91,cpi
1958-10-01,28.91,cpi
1958-11-01,28.95,cpi
1958-12-01,28.97,cpi
1959-01-01,29.01,cpi
1959-02-01,29.0,cpi
1959-03-01,28.97,cpi
1959-04-01,28.98,cpi
1959-05-01,29.04,cpi
1959-06-01,29.11,cpi
1959-07-01,29.15,cpi
1959-08-01,29.18,cpi
1959-09-01,29.25,cpi
1959-10-01,29.35,cpi
1959-11-01,29.35,cpi
1959-12-01,29.41,cpi
1960-01-01,29.37,cpi
1960-02-01,29.41,cpi
1960-03-01,29.41,cpi
1960-04-01,29.54,cpi
1960-05-01,29.57,cpi
1960-06-01,29.61,cpi
1960-07-01,29.55,cpi
1960-08-01,29.61,cpi
1960-09-01,29.61,cpi
1960-10-01,29.75,cpi
1960-11-01,29.78,cpi
1960-12-01,29.81,cpi
1961-01-01,29.84,cpi
1961-02-01,29.84,cpi
1961-03-01,29.84,cpi
1961-04-01,29.81,cpi
1961-05-01,29.84,cpi
1961-06-01,29.84,cpi
1961-07-01,29.92,cpi
1961-08-01,29.94,cpi
1961-09-01,29.98,cpi
1961-10-01,29.98,cpi
1961-11-01,29.98,cpi
1961-12-01,30.01,cpi
1962-01-01,30.04,cpi
1962-02-01,30.11,cpi
1962-03-01,30.17,cpi
1962-04-01,30.21,cpi
1962-05-01,30.24,cpi
1962-06-01,30.21,cpi
1962-07-01,30.22,cpi
1962-08-01,30.28,cpi
1962-09-01,30.42,cpi
1962-10-01,30.38,cpi
1962-11-01,30.38,cpi
1962-12-01,30.38,cpi
1963-01-01,30.44,cpi
1963-02-01,30.48,cpi
1963-03-01,30.51,cpi
1963-04-01,30.48,cpi
1963-05-01,30.51,cpi
1963-06-01,30.61,cpi
1963-07-01,30.69,cpi
1963-08-01,30.75,cpi
1963-09-01,30.72,cpi
1963-10-01,30.75,cpi
1963-11-01,30.78,cpi
1963-12-01,30.88,cpi
1964-01-01,30.94,cpi
1964-02-01,30.91,cpi
1964-03-01,30.94,cpi
1964-04-01,30.95,cpi
1964-05-01,30.98,cpi
1964-06-01,31.01,cpi
1964-07-01,31.02,cpi
1964-08-01,31.05,cpi
1964-09-01,31.08,cpi
1964-10-01,31.12,cpi
1964-11-01,31.21,cpi
1964-12-01,31.25,cpi
1965-01-01,31.28,cpi
1965-02-01,31.28,cpi
1965-03-01,31.31,cpi
1965-04-01,31.38,cpi
1965-05-01,31.48,cpi
1965-06-01,31.61,cpi
1965-07-01,31.58,cpi
1965-08-01,31.55,cpi
1965-09-01,31.62,cpi
1965-10-01,31.65,cpi
1965-11-01,31.75,cpi
1965-12-01,31.85,cpi
1966-01-01,31.88,cpi
1966-02-01,32.08,cpi
1966-03-01,32.18,cpi
1966-04-01,32.28,cpi
1966-05-01,32.35,cpi
1966-06-01,32.38,cpi
1966-07-01,32.45,cpi
1966-08-01,32.65,cpi
1966-09-01,32.75,cpi
1966-10-01,32.85,cpi
1966-11-01,32.88,cpi
1966-12-01,32.92,cpi
1967-01-01,32.9,cpi
1967-02-01,33.0,cpi
1967-03-01,33.0,cpi
1967-04-01,33.1,cpi
1967-05-01,33.1,cpi
1967-06-01,33.3,cpi
1967-07-01,33.4,cpi
1967-08-01,33.5,cpi
1967-09-01,33.6,cpi
1967-10-01,33.7,cpi
1967-11-01,33.9,cpi
1967-12-01,34.0,cpi
1968-01-01,34.1,cpi
1968-02-01,34.2,cpi
1968-03-01,34.3,cpi
1968-04-01,34.4,cpi
1968-05-01,34.5,cpi
1968-06-01,34.7,cpi
1968-07-01,34.9,cpi
1968-08-01,35.0,cpi
1968-09-01,35.1,cpi
1968-10-01,35.3,cpi
1968-11-01,35.4,cpi
1968-12-01,35.6,cpi
1969-01-01,35.7,cpi
1969-02-01,35.8,cpi
1969-03-01,36.1,cpi
1969-04-01,36.3,cpi
1969-05-01,36.4,cpi
1969-06-01,36.6,cpi
1969-07-01,36.8,cpi
1969-08-01,36.9,cpi
1969-09-01,37.1,cpi
1969-10-01,37.3,cpi
1969-11-01,37.5,cpi
1969-12-01,37.7,cpi
1970-01-01,37.9,cpi
1970-02-01,38.1,cpi
1970-03-01,38.3,cpi
1970-04-01,38.5,cpi
1970-05-01,38.6,cpi
1970-06-01,38.8,cpi
1970-07-01,38.9,cpi
1970-08-01,39.0,cpi
1970-09-01,39.2,cpi
1970-10-01,39.4,cpi
1970-11-01,39.6,cpi
1970-12-01,39.8,cpi
1971-01-01,39.9,cpi
1971-02-01,39.9,cpi
1971-03-01,40.0,cpi
1971-04-01,40.1,cpi
1971-05-01,40.3,cpi
1971-06-01,40.5,cpi
1971-07-01,40.6,cpi
1971-08-01,40.7,cpi
1971-09-01,40.8,cpi
1971-10-01,40.9,cpi
1971-11-01,41.0,cpi
1971-12-01,41.1,cpi
1972-01-01,41.2,cpi
1972-02-01,41.4,cpi
1972-03-01,41.4,cpi
1972-04-01,41.5,cpi
1972-05-01,41.6,cpi
1972-06-01,41.7,cpi
1972-07-01,41.8,cpi
1972-08-01,41.9,cpi
1972-09-01,42.1,cpi
1972-10-01,42.2,cpi
1972-11-01,42.4,cpi
1972-12-01,42.5,cpi
1973-01-01,42.7,cpi
1973-02-01,43.0,cpi
1973-03-01,43.4,cpi
1973-04-01,43.7,cpi
1973-05-01,43.9,cpi
1973-06-01,44.2,cpi
1973-07-01,44.2,cpi
1973-08-01,45.0,cpi
1973-09-01,45.2,cpi
1973-10-01,45.6,cpi
1973-11-01,45.9,cpi
1973-12-01,46.3,cpi
1974-01-01,46.8,cpi
1974-02-01,47.3,cpi
1974-03-01,47.8,cpi
1974-04-01,48.1,cpi
1974-05-01,48.6,cpi
1974-06-01,49.0,cpi
1974-07-01,49.3,cpi
1974-08-01,49.9,cpi
1974-09-01,50.6,cpi
1974-10-01,51.0,cpi
1974-11-01,51.5,cpi
1974-12-01,51.9,cpi
1975-01-01,52.3,cpi
1975-02-01,52.6,cpi
1975-03-01,52.8,cpi
1975-04-01,53.0,cpi
1975-05-01,53.1,cpi
1975-06-01,53.5,cpi
1975-07-01,54.0,cpi
1975-08-01,54.2,cpi
1975-09-01,54.6,cpi
1975-10-01,54.9,cpi
1975-11-01,55.3,cpi
1975-12-01,55.6,cpi
1976-01-01,55.8,cpi
1976-02-01,55.9,cpi
1976-03-01,56.0,cpi
1976-04-01,56.1,cpi
1976-05-01,56.4,cpi
1976-06-01,56.7,cpi
1976-07-01,57.0,cpi
1976-08-01,57.3,cpi
1976-09-01,57.6,cpi
1976-10-01,57.9,cpi
1976-11-01,58.1,cpi
1976-12-01,58.4,cpi
1977-01-01,58.7,cpi
1977-02-01,59.3,cpi
1977-03-01,59.6,cpi
1977-04-01,60.0,cpi
1977-05-01,60.2,cpi
1977-06-01,60.5,cpi
1977-07-01,60.8,cpi
1977-08-01,61.1,cpi
1977-09-01,61.3,cpi
1977-10-01,61.6,cpi
1977-11-01,62.0,cpi
1977-12-01,62.3,cpi
1978-01-01,62.7,cpi
1978-02-01,63.0,cpi
1978-03-01,63.4,cpi
1978-04-01,63.9,cpi
1978-05-01,64.5,cpi
1978-06-01,65.0,cpi
1978-07-01,65.5,cpi
1978-08-01,65.9,cpi
1978-09-01,66.5,cpi
1978-10-01,67.1,cpi
1978-11-01,67.5,cpi
1978-12-01,67.9,cpi
1979-01-01,68.5,cpi
1979-02-01,69.2,cpi
1979-03-01,69.9,cpi
1979-04-01,70.6,cpi
1979-05-01,71.4,cpi
1979-06-01,72.2,cpi
1979-07-01,73.0,cpi
1979-08-01,73.7,cpi
1979-09-01,74.4,cpi
1979-10-01,75.2,cpi
1979-11-01,76.0,cpi
1979-12-01,76.9,cpi
1980-01-01,78.0,cpi
1980-02-01,79.0,cpi
1980-03-01,80.1,cpi
1980-04-01,80.9,cpi
1980-05-01,81.7,cpi
1980-06-01,82.5,cpi
1980-07-01,82.6,cpi
1980-08-01,83.2,cpi
1980-09-01,83.9,cpi
1980-10-01,84.7,cpi
1980-11-01,85.6,cpi
1980-12-01,86.4,cpi
1981-01-01,87.2,cpi
1981-02-01,88.0,cpi
1981-03-01,88.6,cpi
1981-04-01,89.1,cpi
1981-05-01,89.7,cpi
1981-06-01,90.5,cpi
1981-07-01,91.5,cpi
1981-08-01,92.2,cpi
1981-09-01,93.1,cpi
1981-10-01,93.4,cpi
1981-11-01,93.8,cpi
1981-12-01,94.1,cpi
1982-01-01,94.4,cpi
1982-02-01,94.7,cpi
1982-03-01,94.7,cpi
1982-04-01,95.0,cpi
1982-05-01,95.9,cpi
1982-06-01,97.0,cpi
1982-07-01,97.5,cpi
1982-08-01,97.7,cpi
1982-09-01,97.7,cpi
1982-10-01,98.1,cpi
1982-11-01,98.0,cpi
1982-12-01,97.7,cpi
1983-01-01,97.9,cpi
1983-02-01,98.0,cpi
1983-03-01,98.1,cpi
1983-04-01,98.8,cpi
1983-05-01,99.2,cpi
1983-06-01,99.4,cpi
1983-07-01,99.8,cpi
1983-08-01,100.1,cpi
1983-09-01,100.4,cpi
1983-10-01,100.8,cpi
1983-11-01,101.1,cpi
1983-12-01,101.4,cpi
1984-01-01,102.1,cpi
1984-02-01,102.6,cpi
1984-03-01,102.9,cpi
1984-04-01,103.3,cpi
1984-05-01,103.5,cpi
1984-06-01,103.7,cpi
1984-07-01,104.1,cpi
1984-08-01,104.4,cpi
1984-09-01,104.7,cpi
1984-10-01,105.1,cpi
1984-11-01,105.3,cpi
1984-12-01,105.5,cpi
1985-01-01,105.7,cpi
1985-02-01,106.3,cpi
1985-03-01,106.8,cpi
1985-04-01,107.0,cpi
1985-05-01,107.2,cpi
1985-06-01,107.5,cpi
1985-07-01,107.7,cpi
1985-08-01,107.9,cpi
1985-09-01,108.1,cpi
1985-10-01,108.5,cpi
1985-11-01,109.0,cpi
1985-12-01,109.5,cpi
1986-01-01,109.9,cpi
1986-02-01,109.7,cpi
1986-03-01,109.1,cpi
1986-04-01,108.7,cpi
1986-05-01,109.0,cpi
1986-06-01,109.4,cpi
1986-07-01,109.5,cpi
1986-08-01,109.6,cpi
1986-09-01,110.0,cpi
1986-10-01,110.2,cpi
1986-11-01,110.4,cpi
1986-12-01,110.8,cpi
1987-01-01,111.4,cpi
1987-02-01,111.8,cpi
1987-03-01,112.2,cpi
1987-04-01,112.7,cpi
1987-05-01,113.0,cpi
1987-06-01,113.5,cpi
1987-07-01,113.8,cpi
1987-08-01,114.3,cpi
1987-09-01,114.7,cpi
1987-10-01,115.0,cpi
1987-11-01,115.4,cpi
1987-12-01,115.6,cpi
1988-01-01,116.0,cpi
1988-02-01,116.2,cpi
1988-03-01,116.5,cpi
1988-04-01,117.2,cpi
1988-05-01,117.5,cpi
1988-06-01,118.0,cpi
1988-07-01,118.5,cpi
1988-08-01,119.0,cpi
1988-09-01,119.5,cpi
1988-10-01,119.9,cpi
1988-11-01,120.3,cpi
1988-12-01,120.7,cpi
1989-01-01,121.2,cpi
1989-02-01,121.6,cpi
1989-03-01,122.2,cpi
1989-04-01,123.1,cpi
1989-05-01,123.7,cpi
1989-06-01,124.1,cpi
1989-07-01,124.5,cpi
1989-08-01,124.5,cpi
1989-09-01,124.8,cpi
1989-10-01,125.4,cpi
1989-11-01,125.9,cpi
1989-12-01,126.3,cpi
1990-01-01,127.5,cpi
1990-02-01,128.0,cpi
1990-03-01,128.6,cpi
1990-04-01,128.9,cpi
1990-05-01,129.1,cpi
1990-06-01,129.9,cpi
1990-07-01,130.5,cpi
1990-08-01,131.6,cpi
1990-09-01,132.5,cpi
1990-10-01,133.4,cpi
1990-11-01,133.7,cpi
1990-12-01,134.2,cpi
1991-01-01,134.7,cpi
1991-02-01,134.8,cpi
1991-03-01,134.8,cpi
1991-04-01,135.1,cpi
1991-05-01,135.6,cpi
1991-06-01,136.0,cpi
1991-07-01,136.2,cpi
1991-08-01,136.6,cpi
1991-09-01,137.0,cpi
1991-10-01,137.2,cpi
1991-11-01,137.8,cpi
1991-12-01,138.2,cpi
1992-01-01,138.3,cpi
1992-02-01,138.6,cpi
1992-03-01,139.1,cpi
1992-04-01,139.4,cpi
1992-05-01,139.7,cpi
1992-06-01,140.1,cpi
1992-07-01,140.5,cpi
1992-08-01,140.8,cpi
1992-09-01,141.1,cpi
1992-10-01,141.7,cpi
1992-11-01,142.1,cpi
1992-12-01,142.3,cpi
1993-01-01,142.8,cpi
1993-02-01,143.1,cpi
1993-03-01,143.3,cpi
1993-04-01,143.8,cpi
1993-05-01,144.2,cpi
1993-06-01,144.3,cpi
1993-07-01,144.5,cpi
1993-08-01,144.8,cpi
1993-09-01,145.0,cpi
1993-10-01,145.6,cpi
1993-11-01,146.0,cpi
1993-12-01,146.3,cpi
1994-01-01,146.3,cpi
1994-02-01,146.7,cpi
1994-03-01,147.1,cpi
1994-04-01,147.2,cpi
1994-05-01,147.5,cpi
1994-06-01,147.9,cpi
1994-07-01,148.4,cpi
1994-08-01,149.0,cpi
1994-09-01,149.3,cpi
1994-10-01,149.4,cpi
1994-11-01,149.8,cpi
1994-12-01,150.1,cpi
1995-01-01,150.5,cpi
1995-02-01,150.9,cpi
1995-03-01,151.2,cpi
1995-04-01,151.8,cpi
1995-05-01,152.1,cpi
1995-06-01,152.4,cpi
1995-07-01,152.6,cpi
1995-08-01,152.9,cpi
1995-09-01,153.1,cpi
1995-10-01,153.5,cpi
1995-11-01,153.7,cpi
1995-12-01,153.9,cpi
1996-01-01,154.7,cpi
1996-02-01,155.0,cpi
1996-03-01,155.5,cpi
1996-04-01,156.1,cpi
1996-05-01,156.4,cpi
1996-06-01,156.7,cpi
1996-07-01,157.0,cpi
1996-08-01,157.2,cpi
1996-09-01,157.7,cpi
1996-10-01,158.2,cpi
1996-11-01,158.7,cpi
1996-12-01,159.1,cpi
1997-01-01,159.4,cpi
1997-02-01,159.7,cpi
1997-03-01,159.8,cpi
1997-04-01,159.9,cpi
1997-05-01,159.9,cpi
1997-06-01,160.2,cpi
1997-07-01,160.4,cpi
1997-08-01,160.8,cpi
1997-09-01,161.2,cpi
1997-10-01,161.5,cpi
1997-11-01,161.7,cpi
1997-12-01,161.8,cpi
1998-01-01,162.0,cpi
1998-02-01,162.0,cpi
1998-03-01,162.0,cpi
1998-04-01,162.2,cpi
1998-05-01,162.6,cpi
1998-06-01,162.8,cpi
1998-07-01,163.2,cpi
1998-08-01,163.4,cpi
1998-09-01,163.5,cpi
1998-10-01,163.9,cpi
1998-11-01,164.1,cpi
1998-12-01,164.4,cpi
1999-01-01,164.7,cpi
1999-02-01,164.7,cpi
1999-03-01,164.8,cpi
1999-04-01,165.9,cpi
1999-05-01,166.0,cpi
1999-06-01,166.0,cpi
1999-07-01,166.7,cpi
1999-08-01,167.1,cpi
1999-09-01,167.8,cpi
1999-10-01,168.1,cpi
1999-11-01,168.4,cpi
1999-12-01,168.8,cpi
2000-01-01,169.3,cpi
2000-02-01,170.0,cpi
2000-03-01,171.0,cpi
2000-04-01,170.9,cpi
2000-05-01,171.2,cpi
2000-06-01,172.2,cpi
2000-07-01,172.7,cpi
2000-08-01,172.7,cpi
2000-09-01,173.6,cpi
2000-10-01,173.9,cpi
2000-11-01,174.2,cpi
2000-12-01,174.6,cpi
2001-01-01,175.6,cpi
2001-02-01,176.0,cpi
2001-03-01,176.1,cpi
2001-04-01,176.4,cpi
2001-05-01,177.3,cpi
2001-06-01,177.7,cpi
2001-07-01,177.4,cpi
2001-08-01,177.4,cpi
2001-09-01,178.1,cpi
2001-10-01,177.6,cpi
2001-11-01,177.5,cpi
2001-12-01,177.4,cpi
2002-01-01,177.7,cpi
2002-02-01,178.0,cpi
2002-03-01,178.5,cpi
2002-04-01,179.3,cpi
2002-05-01,179.5,cpi
2002-06-01,179.6,cpi
2002-07-01,180.0,cpi
2002-08-01,180.5,cpi
2002-09-01,180.8,cpi
2002-10-01,181.2,cpi
2002-11-01,181.5,cpi
2002-12-01,181.8,cpi
2003-01-01,182.6,cpi
2003-02-01,183.6,cpi
2003-03-01,183.9,cpi
2003-04-01,183.2,cpi
2003-05-01,182.9,cpi
2003-06-01,183.1,cpi
2003-07-01,183.7,cpi
2003-08-01,184.5,cpi
2003-09-01,185.1,cpi
2003-10-01,184.9,cpi
2003-11-01,185.0,cpi
2003-12-01,185.5,cpi
2004-01-01,186.3,cpi
2004-02-01,186.7,cpi
2004-03-01,187.1,cpi
2004-04-01,187.4,cpi
2004-05-01,188.2,cpi
2004-06-01,188.9,cpi
2004-07-01,189.1,cpi
2004-08-01,189.2,cpi
2004-09-01,189.8,cpi
2004-10-01,190.8,cpi
2004-11-01,191.7,cpi
2004-12-01,191.7,cpi
2005-01-01,191.6,cpi
2005-02-01,192.4,cpi
2005-03-01,193.1,cpi
2005-04-01,193.7,cpi
2005-05-01,193.6,cpi
2005-06-01,193.7,cpi
2005-07-01,194.9,cpi
2005-08-01,196.1,cpi
2005-09-01,198.8,cpi
2005-10-01,199.1,cpi
2005-11-01,198.1,cpi
2005-12-01,198.1,cpi
2006-01-01,199.3,cpi
2006-02-01,199.4,cpi
2006-03-01,199.7,cpi
2006-04-01,200.7,cpi
2006-05-01,201.3,cpi
2006-06-01,201.8,cpi
2006-07-01,202.9,cpi
2006-08-01,203.8,cpi
2006-09-01,202.8,cpi
2006-10-01,201.9,cpi
2006-11-01,202.0,cpi
2006-12-01,203.1,cpi
2007-01-01,203.437,cpi
2007-02-01,204.226,cpi
2007-03-01,205.288,cpi
2007-04-01,205.904,cpi
2007-05-01,206.755,cpi
2007-06-01,207.234,cpi
2007-07-01,207.603,cpi
2007-08-01,207.667,cpi
2007-09-01,208.547,cpi
2007-10-01,209.19,cpi
2007-11-01,210.834,cpi
2007-12-01,211.445,cpi
2008-01-01,212.174,cpi
2008-02-01,212.687,cpi
2008-03-01,213.448,cpi
2008-04-01,213.942,cpi
2008-05-01,215.208,cpi
2008-06-01,217.463,cpi
2008-07-01,219.016,cpi
2008-08-01,218.69,cpi
2008-09-01,218.877,cpi
2008-10-01,216.995,cpi
2008-11-01,213.153,cpi
2008-12-01,211.398,cpi
2009-01-01,211.933,cpi
2009-02-01,212.705,cpi
2009-03-01,212.495,cpi
2009-04-01,212.709,cpi
2009-05-01,213.022,cpi
2009-06-01,214.79,cpi
2009-07-01,214.726,cpi
2009-08-01,215.445,cpi
2009-09-01,215.861,cpi
2009-10-01,216.509,cpi
2009-11-01,217.234,cpi
2009-12-01,217.347,cpi
2010-01-01,217.488,cpi
2010-02-01,217.281,cpi
2010-03-01,217.353,cpi
2010-04-01,217.403,cpi
2010-05-01,217.29,cpi
2010-06-01,217.199,cpi
2010-07-01,217.605,cpi
2010-08-01,217.923,cpi
2010-09-01,218.275,cpi
2010-10-01,219.035,cpi
2010-11-01,219.59,cpi
2010-12-01,220.472,cpi
2011-01-01,221.187,cpi
2011-02-01,221.898,cpi
2011-03-01,223.046,cpi
2011-04-01,224.093,cpi
2011-05-01,224.806,cpi
2011-06-01,224.806,cpi
2011-07-01,225.395,cpi
2011-08-01,226.106,cpi
2011-09-01,226.597,cpi
2011-10-01,226.75,cpi
2011-11-01,227.169,cpi
2011-12-01,227.223,cpi
2012-01-01,227.842,cpi
2012-02-01,228.329,cpi
2012-03-01,228.807,cpi
2012-04-01,229.187,cpi
2012-05-01,228.713,cpi
2012-06-01,228.524,cpi
2012-07-01,228.59,cpi
2012-08-01,229.918,cpi
2012-09-01,231.015,cpi
2012-10-01,231.638,cpi
2012-11-01,231.249,cpi
2012-12-01,231.221,cpi
2013-01-01,231.679,cpi
2013-02-01,232.937,cpi
2013-03-01,232.282,cpi
2013-04-01,231.797,cpi
2013-05-01,231.893,cpi
2013-06-01,232.445,cpi
2013-07-01,232.9,cpi
2013-08-01,233.456,cpi
2013-09-01,233.544,cpi
2013-10-01,233.669,cpi
2013-11-01,234.1,cpi
2013-12-01,234.719,cpi
2014-01-01,235.288,cpi
2014-02-01,235.547,cpi
2014-03-01,236.028,cpi
2014-04-01,236.468,cpi
2014-05-01,236.918,cpi
2014-06-01,237.231,cpi
2014-07-01,237.498,cpi
2014-08-01,237.46,cpi
2014-09-01,237.477,cpi
2014-10-01,237.43,cpi
2014-11-01,236.983,cpi
2014-12-01,236.252,cpi
2015-01-01,234.747,cpi
2015-02-01,235.342,cpi
2015-03-01,235.976,cpi
2015-04-01,236.222,cpi
2015-05-01,237.001,cpi
2015-06-01,237.657,cpi
2015-07-01,238.034,cpi
2015-08-01,238.033,cpi
2015-09-01,237.498,cpi
2015-10-01,237.733,cpi
2015-11-01,238.017,cpi
2015-12-01,237.761,cpi
2016-01-01,237.652,cpi
2016-02-01,237.336,cpi
2016-03-01,238.08,cpi
2016-04-01,238.992,cpi
2016-05-01,239.557,cpi
2016-06-01,240.222,cpi
2016-07-01,240.101,cpi
2016-08-01,240.545,cpi
2016-09-01,241.176,cpi
2016-10-01,241.741,cpi
2016-11-01,242.026,cpi
2016-12-01,242.637,cpi
2017-01-01,243.618,cpi
2017-02-01,244.006,cpi
2017-03-01,243.892,cpi
2017-04-01,244.193,cpi
2017-05-01,244.004,cpi
2017-06-01,244.163,cpi
2017-07-01,244.243,cpi
2017-08-01,245.183,cpi
2017-09-01,246.435,cpi
2017-10-01,246.626,cpi
2017-11-01,247.284,cpi
2017-12-01,247.805,cpi
2018-01-01,248.859,cpi
2018-02-01,249.529,cpi
2018-03-01,249.577,cpi
2018-04-01,250.227,cpi
2018-05-01,250.792,cpi
2018-06-01,251.018,cpi
2018-07-01,251.214,cpi
2018-08-01,251.663,cpi
2018-09-01,252.182,cpi
2018-10-01,252.772,cpi
2018-11-01,252.594,cpi
2018-12-01,252.767,cpi
2019-01-01,252.561,cpi
2019-02-01,253.319,cpi
2019-03-01,254.277,cpi
2019-04-01,255.233,cpi
2019-05-01,255.296,cpi
2019-06-01,255.213,cpi
2019-07-01,255.802,cpi
2019-08-01,256.036,cpi
2019-09-01,256.43,cpi
2019-10-01,257.155,cpi
2019-11-01,257.879,cpi
2019-12-01,258.63,cpi
2020-01-01,259.127,cpi
2020-02-01,259.25,cpi
2020-03-01,258.076,cpi
2020-04-01,256.032,cpi
2020-05-01,255.802,cpi
2020-06-01,257.042,cpi
2020-07-01,258.352,cpi
2020-08-01,259.316,cpi
2020-09-01,259.997,cpi
2020-10-01,260.319,cpi
2020-11-01,260.911,cpi
2020-12-01,262.045,cpi
2021-01-01,262.687,cpi
2021-02-01,263.579,cpi
2021-03-01,264.961,cpi
2021-04-01,266.614,cpi
2021-05-01,268.383,cpi
2021-06-01,270.654,cpi
2021-07-01,271.903,cpi
2021-08-01,272.676,cpi
2021-09-01,273.91,cpi
2021-10-01,276.55,cpi
2021-11-01,278.919,cpi
2021-12-01,280.845,cpi
2022-01-01,282.543,cpi
2022-02-01,284.5,cpi
2022-03-01,287.674,cpi
2022-04-01,288.561,cpi
2022-05-01,291.298,cpi
2022-06-01,294.957,cpi
2022-07-01,294.913,cpi
2022-08-01,295.097,cpi
2022-09-01,296.349,cpi
2022-10-01,298.007,cpi
2022-11-01,298.786,cpi
2022-12-01,298.832,cpi
2023-01-01,300.42,cpi
2023-02-01,301.45,cpi
2023-03-01,301.821,cpi
2023-04-01,302.845,cpi
2023-05-01,303.334,cpi
2023-06-01,304.014,cpi
2023-07-01,304.609,cpi
2023-08-01,306.082,cpi
2023-09-01,307.276,cpi
2023-10-01,307.696,cpi
2023-11-01,308.148,cpi
2023-12-01,308.741,cpi
2024-01-01,309.698,cpi
2024-02-01,310.967,cpi
2024-03-01,312.345,cpi
2024-04-01,313.023,cpi
2024-05-01,313.175,cpi
2024-06-01,313.044,cpi
2024-07-01,313.569,cpi
2024-08-01,314.062,cpi
2024-09-01,314.732,cpi
2024-10-01,315.631,cpi
2024-11-01,316.528,cpi
2024-12-01,317.604,cpi
2025-01-01,318.961,cpi
2025-02-01,319.679,cpi
2025-03-01,319.785,cpi
2025-04-01,320.302,cpi
2025-05-01,320.62,cpi
2025-06-01,321.435,cpi
2025-07-01,322.169,cpi
2025-08-01,323.291,cpi
2025-09-01,324.245,cpi
2025-10-01,,cpi
2025-11-01,325.063,cpi
2025-12-01,326.031,cpi
2026-01-01,326.588,cpi
2026-02-01,327.46,cpi
2026-03-01,330.293,cpi
2026-04-01,332.407,cpi
2026-05-01,333.979,cpi
